<?xml version="1.0" encoding="UTF-8"?>
<root>
  <item name="dji.pilot.flyunlimit.util.FlyfrbHttpHelper dji.thirdparty.okhttp3.Request.Builder getOkHttpRBWithHeader(dji.thirdparty.okhttp3.HttpUrl, java.lang.String, long, java.lang.String) 1">
    <annotation name="android.support.annotation.StringDef">
      <val name="value" val="{dji.pilot.flyunlimit.util.FlyfrbHttpHelper.HTTP_METHOD_GET, dji.pilot.flyunlimit.util.FlyfrbHttpHelper.HTTP_METHOD_POST}" />
    </annotation>
  </item>
  <item name="dji.pilot.flyunlimit.util.FlyfrbHttpHelper dji.thirdparty.okhttp3.Request.Builder getOkHttpRBWithHeader(java.lang.String, java.lang.String, long, java.lang.String) 1">
    <annotation name="android.support.annotation.StringDef">
      <val name="value" val="{dji.pilot.flyunlimit.util.FlyfrbHttpHelper.HTTP_METHOD_GET, dji.pilot.flyunlimit.util.FlyfrbHttpHelper.HTTP_METHOD_POST}" />
    </annotation>
  </item>
  <item name="dji.pilot.flyunlimit.util.FlyfrbHttpHelper.HttpMethod">
    <annotation name="android.support.annotation.StringDef">
      <val name="value" val="{dji.pilot.flyunlimit.util.FlyfrbHttpHelper.HTTP_METHOD_GET, dji.pilot.flyunlimit.util.FlyfrbHttpHelper.HTTP_METHOD_POST}" />
    </annotation>
  </item>
</root>

