<?xml version="1.0" encoding="UTF-8"?>
<root>
  <item name="com.dji.mapkit.lbs.listener.DJILocationListener void onLocationFailed(int) 0">
    <annotation name="android.support.annotation.IntDef">
      <val name="value" val="{com.dji.mapkit.lbs.constants.FailType.UNKOWN, com.dji.mapkit.lbs.constants.FailType.TIMEOUT, com.dji.mapkit.lbs.constants.FailType.PERMISSION_DENIED, com.dji.mapkit.lbs.constants.FailType.NETWORK_NOT_AVAILABLE, com.dji.mapkit.lbs.constants.FailType.GOOGLE_PLAY_SERVICES_CONNECTION_FAIL, com.dji.mapkit.lbs.constants.FailType.GOOGLE_PLAY_SERVICES_NOT_AVAILABLE, com.dji.mapkit.lbs.constants.FailType.AMAP_SERVICE_FAIL, com.dji.mapkit.lbs.constants.FailType.DEFAULT_SERVICE_FAIL}" />
    </annotation>
  </item>
  <item name="com.dji.mapkit.lbs.listener.DJILocationListener void onProcessTypeChanged(int) 0">
    <annotation name="android.support.annotation.IntDef">
      <val name="value" val="{com.dji.mapkit.lbs.constants.ProcessType.GETTING_LOCATION_FROM_GOOGLE_PLAY_SERVICES, com.dji.mapkit.lbs.constants.ProcessType.GETTING_LOCATION_FROM_GPS_PROVIDER, com.dji.mapkit.lbs.constants.ProcessType.GETTING_LOCATION_FROM_NETWORK_PROVIDER}" />
    </annotation>
  </item>
</root>

