<?xml version="1.0" encoding="UTF-8"?>
<root>
  <item name="dji.midware.data.manager.P3.DJIProductSupportModel int checkNotSupportType()">
    <annotation name="android.support.annotation.IntDef">
      <val name="value" val="{dji.midware.data.manager.P3.IProductSupportModel.TYPE_NOTSUPPORT_NONE, dji.midware.data.manager.P3.IProductSupportModel.TYPE_NOTSUPPORT_DRONE, dji.midware.data.manager.P3.IProductSupportModel.TYPE_NOTSUPPORT_CAMERA, dji.midware.data.manager.P3.IProductSupportModel.TYPE_NOTSUPPORT_RC, dji.midware.data.manager.P3.IProductSupportModel.TYPE_NOTSUPPORT_PRODUCT, dji.midware.data.manager.P3.IProductSupportModel.TYPE_NOTSUPPORT_ALL}" />
    </annotation>
  </item>
  <item name="dji.midware.data.manager.P3.DJIProductSupportModel int getNotSupportType()">
    <annotation name="android.support.annotation.IntDef">
      <val name="value" val="{dji.midware.data.manager.P3.IProductSupportModel.TYPE_NOTSUPPORT_NONE, dji.midware.data.manager.P3.IProductSupportModel.TYPE_NOTSUPPORT_DRONE, dji.midware.data.manager.P3.IProductSupportModel.TYPE_NOTSUPPORT_CAMERA, dji.midware.data.manager.P3.IProductSupportModel.TYPE_NOTSUPPORT_RC, dji.midware.data.manager.P3.IProductSupportModel.TYPE_NOTSUPPORT_PRODUCT, dji.midware.data.manager.P3.IProductSupportModel.TYPE_NOTSUPPORT_ALL}" />
    </annotation>
  </item>
  <item name="dji.midware.data.manager.P3.DJIProductSupportModel mNotSupportType">
    <annotation name="android.support.annotation.IntDef">
      <val name="value" val="{dji.midware.data.manager.P3.IProductSupportModel.TYPE_NOTSUPPORT_NONE, dji.midware.data.manager.P3.IProductSupportModel.TYPE_NOTSUPPORT_DRONE, dji.midware.data.manager.P3.IProductSupportModel.TYPE_NOTSUPPORT_CAMERA, dji.midware.data.manager.P3.IProductSupportModel.TYPE_NOTSUPPORT_RC, dji.midware.data.manager.P3.IProductSupportModel.TYPE_NOTSUPPORT_PRODUCT, dji.midware.data.manager.P3.IProductSupportModel.TYPE_NOTSUPPORT_ALL}" />
    </annotation>
  </item>
  <item name="dji.midware.data.manager.P3.DJIProductSupportModel void updateSupportModel(int) 0">
    <annotation name="android.support.annotation.IntDef">
      <val name="value" val="{dji.midware.data.manager.P3.IProductSupportModel.TYPE_NOTSUPPORT_NONE, dji.midware.data.manager.P3.IProductSupportModel.TYPE_NOTSUPPORT_DRONE, dji.midware.data.manager.P3.IProductSupportModel.TYPE_NOTSUPPORT_CAMERA, dji.midware.data.manager.P3.IProductSupportModel.TYPE_NOTSUPPORT_RC, dji.midware.data.manager.P3.IProductSupportModel.TYPE_NOTSUPPORT_PRODUCT, dji.midware.data.manager.P3.IProductSupportModel.TYPE_NOTSUPPORT_ALL}" />
    </annotation>
  </item>
  <item name="dji.midware.data.manager.P3.IProductSupportModel.NotSupportType">
    <annotation name="android.support.annotation.IntDef">
      <val name="value" val="{dji.midware.data.manager.P3.IProductSupportModel.TYPE_NOTSUPPORT_NONE, dji.midware.data.manager.P3.IProductSupportModel.TYPE_NOTSUPPORT_DRONE, dji.midware.data.manager.P3.IProductSupportModel.TYPE_NOTSUPPORT_CAMERA, dji.midware.data.manager.P3.IProductSupportModel.TYPE_NOTSUPPORT_RC, dji.midware.data.manager.P3.IProductSupportModel.TYPE_NOTSUPPORT_PRODUCT, dji.midware.data.manager.P3.IProductSupportModel.TYPE_NOTSUPPORT_ALL}" />
    </annotation>
  </item>
</root>

