<?xml version="1.0" encoding="UTF-8"?>
<root>
  <item name="com.dji.mapkit.core.Mapkit int getMapProvider()">
    <annotation name="android.support.annotation.IntDef">
      <val name="value" val="{com.dji.mapkit.core.Mapkit.MapProviderConstant.INVALID_PROVIDER, com.dji.mapkit.core.Mapkit.MapProviderConstant.GOOGLE_MAP_PROVIDER, com.dji.mapkit.core.Mapkit.MapProviderConstant.AMAP_PROVIDER, com.dji.mapkit.core.Mapkit.MapProviderConstant.MAPBOX_MAP_PROVIDER, com.dji.mapkit.core.Mapkit.MapProviderConstant.HERE_MAP_PROVIDER}" />
    </annotation>
  </item>
  <item name="com.dji.mapkit.core.Mapkit void mapProvider(int) 0">
    <annotation name="android.support.annotation.IntDef">
      <val name="value" val="{com.dji.mapkit.core.Mapkit.MapProviderConstant.INVALID_PROVIDER, com.dji.mapkit.core.Mapkit.MapProviderConstant.GOOGLE_MAP_PROVIDER, com.dji.mapkit.core.Mapkit.MapProviderConstant.AMAP_PROVIDER, com.dji.mapkit.core.Mapkit.MapProviderConstant.MAPBOX_MAP_PROVIDER, com.dji.mapkit.core.Mapkit.MapProviderConstant.HERE_MAP_PROVIDER}" />
    </annotation>
  </item>
  <item name="com.dji.mapkit.core.Mapkit.MapProviderConstant">
    <annotation name="android.support.annotation.IntDef">
      <val name="value" val="{com.dji.mapkit.core.Mapkit.MapProviderConstant.INVALID_PROVIDER, com.dji.mapkit.core.Mapkit.MapProviderConstant.GOOGLE_MAP_PROVIDER, com.dji.mapkit.core.Mapkit.MapProviderConstant.AMAP_PROVIDER, com.dji.mapkit.core.Mapkit.MapProviderConstant.MAPBOX_MAP_PROVIDER, com.dji.mapkit.core.Mapkit.MapProviderConstant.HERE_MAP_PROVIDER}" />
    </annotation>
  </item>
  <item name="com.dji.mapkit.core.MapkitOptions MapkitOptions(int) 0">
    <annotation name="android.support.annotation.IntDef">
      <val name="value" val="{com.dji.mapkit.core.Mapkit.MapProviderConstant.INVALID_PROVIDER, com.dji.mapkit.core.Mapkit.MapProviderConstant.GOOGLE_MAP_PROVIDER, com.dji.mapkit.core.Mapkit.MapProviderConstant.AMAP_PROVIDER, com.dji.mapkit.core.Mapkit.MapProviderConstant.MAPBOX_MAP_PROVIDER, com.dji.mapkit.core.Mapkit.MapProviderConstant.HERE_MAP_PROVIDER}" />
    </annotation>
  </item>
  <item name="com.dji.mapkit.core.MapkitOptions com.dji.mapkit.core.MapkitOptions mapProvider(int) 0">
    <annotation name="android.support.annotation.IntDef">
      <val name="value" val="{com.dji.mapkit.core.Mapkit.MapProviderConstant.INVALID_PROVIDER, com.dji.mapkit.core.Mapkit.MapProviderConstant.GOOGLE_MAP_PROVIDER, com.dji.mapkit.core.Mapkit.MapProviderConstant.AMAP_PROVIDER, com.dji.mapkit.core.Mapkit.MapProviderConstant.MAPBOX_MAP_PROVIDER, com.dji.mapkit.core.Mapkit.MapProviderConstant.HERE_MAP_PROVIDER}" />
    </annotation>
  </item>
  <item name="com.dji.mapkit.core.MapkitOptions int getProvider()">
    <annotation name="android.support.annotation.IntDef">
      <val name="value" val="{com.dji.mapkit.core.Mapkit.MapProviderConstant.INVALID_PROVIDER, com.dji.mapkit.core.Mapkit.MapProviderConstant.GOOGLE_MAP_PROVIDER, com.dji.mapkit.core.Mapkit.MapProviderConstant.AMAP_PROVIDER, com.dji.mapkit.core.Mapkit.MapProviderConstant.MAPBOX_MAP_PROVIDER, com.dji.mapkit.core.Mapkit.MapProviderConstant.HERE_MAP_PROVIDER}" />
    </annotation>
  </item>
  <item name="com.dji.mapkit.core.MapkitOptions provider">
    <annotation name="android.support.annotation.IntDef">
      <val name="value" val="{com.dji.mapkit.core.Mapkit.MapProviderConstant.INVALID_PROVIDER, com.dji.mapkit.core.Mapkit.MapProviderConstant.GOOGLE_MAP_PROVIDER, com.dji.mapkit.core.Mapkit.MapProviderConstant.AMAP_PROVIDER, com.dji.mapkit.core.Mapkit.MapProviderConstant.MAPBOX_MAP_PROVIDER, com.dji.mapkit.core.Mapkit.MapProviderConstant.HERE_MAP_PROVIDER}" />
    </annotation>
  </item>
  <item name="com.dji.mapkit.core.MapkitOptions.MapProviderPriority MapProviderPriority(int, int) 0">
    <annotation name="android.support.annotation.IntDef">
      <val name="value" val="{com.dji.mapkit.core.Mapkit.MapProviderConstant.INVALID_PROVIDER, com.dji.mapkit.core.Mapkit.MapProviderConstant.GOOGLE_MAP_PROVIDER, com.dji.mapkit.core.Mapkit.MapProviderConstant.AMAP_PROVIDER, com.dji.mapkit.core.Mapkit.MapProviderConstant.MAPBOX_MAP_PROVIDER, com.dji.mapkit.core.Mapkit.MapProviderConstant.HERE_MAP_PROVIDER}" />
    </annotation>
  </item>
  <item name="com.dji.mapkit.core.MapkitOptions.MapProviderPriority provider">
    <annotation name="android.support.annotation.IntDef">
      <val name="value" val="{com.dji.mapkit.core.Mapkit.MapProviderConstant.INVALID_PROVIDER, com.dji.mapkit.core.Mapkit.MapProviderConstant.GOOGLE_MAP_PROVIDER, com.dji.mapkit.core.Mapkit.MapProviderConstant.AMAP_PROVIDER, com.dji.mapkit.core.Mapkit.MapProviderConstant.MAPBOX_MAP_PROVIDER, com.dji.mapkit.core.Mapkit.MapProviderConstant.HERE_MAP_PROVIDER}" />
    </annotation>
  </item>
</root>

