<?xml version="1.0" encoding="UTF-8"?>
<root>
  <item name="com.dji.mapkit.core.offlinemaps.NetworkStateConstant">
    <annotation name="android.support.annotation.IntDef">
      <val name="value" val="{com.dji.mapkit.core.offlinemaps.NetworkStateConstant.NETWORK_NOT_AVAILABLE, com.dji.mapkit.core.offlinemaps.NetworkStateConstant.NETWORK_WIFI, com.dji.mapkit.core.offlinemaps.NetworkStateConstant.NETWORK_MOBILE}" />
    </annotation>
  </item>
  <item name="com.dji.mapkit.core.offlinemaps.OfflineMapConstant">
    <annotation name="android.support.annotation.IntDef">
      <val name="value" val="{com.dji.mapkit.core.offlinemaps.OfflineMapConstant.HERE_OFFLINE_MAP_DOWNLOADED, com.dji.mapkit.core.offlinemaps.OfflineMapConstant.HERE_OFFLINE_MAP_NOT_DOWNLOADED, com.dji.mapkit.core.offlinemaps.OfflineMapConstant.AMAP_OFFLINE_MAP, com.dji.mapkit.core.offlinemaps.OfflineMapConstant.HERE_OFFLINE_MAP, com.dji.mapkit.core.offlinemaps.OfflineMapConstant.UNSUPPORT_OFFLINE_MAP}" />
    </annotation>
    <annotation name="android.support.annotation.StringDef">
      <val name="value" val="{com.dji.mapkit.core.offlinemaps.OfflineMapConstant.HERE_OFFLINE_MAP_STATE, com.dji.mapkit.core.offlinemaps.OfflineMapConstant.FULL_SCREEN}" />
    </annotation>
  </item>
</root>

