<?xml version="1.0" encoding="UTF-8"?>
<root>
  <item name="dji.common.mission.waypoint.WaypointDownloadProgress downloadedWaypointIndex">
    <annotation name="android.support.annotation.IntDef">
      <val name="value" val="{dji.common.mission.waypoint.WaypointDownloadProgress.UNKNOWN}" />
    </annotation>
  </item>
  <item name="dji.common.mission.waypoint.WaypointDownloadProgress totalWaypointCount">
    <annotation name="android.support.annotation.IntDef">
      <val name="value" val="{dji.common.mission.waypoint.WaypointDownloadProgress.UNKNOWN}" />
    </annotation>
  </item>
  <item name="dji.common.mission.waypoint.WaypointDownloadProgress.InitialValue">
    <annotation name="android.support.annotation.IntDef">
      <val name="value" val="{dji.common.mission.waypoint.WaypointDownloadProgress.UNKNOWN}" />
    </annotation>
  </item>
  <item name="dji.common.mission.waypoint.WaypointExecutionProgress targetWaypointIndex">
    <annotation name="android.support.annotation.IntDef">
      <val name="value" val="{dji.common.mission.waypoint.WaypointExecutionProgress.UNKNOWN}" />
    </annotation>
  </item>
  <item name="dji.common.mission.waypoint.WaypointExecutionProgress totalWaypointCount">
    <annotation name="android.support.annotation.IntDef">
      <val name="value" val="{dji.common.mission.waypoint.WaypointExecutionProgress.UNKNOWN}" />
    </annotation>
  </item>
  <item name="dji.common.mission.waypoint.WaypointExecutionProgress.InitialValue">
    <annotation name="android.support.annotation.IntDef">
      <val name="value" val="{dji.common.mission.waypoint.WaypointExecutionProgress.UNKNOWN}" />
    </annotation>
  </item>
  <item name="dji.common.mission.waypoint.WaypointUploadProgress totalWaypointCount">
    <annotation name="android.support.annotation.IntDef">
      <val name="value" val="{dji.common.mission.waypoint.WaypointUploadProgress.UNKNOWN}" />
    </annotation>
  </item>
  <item name="dji.common.mission.waypoint.WaypointUploadProgress uploadedWaypointIndex">
    <annotation name="android.support.annotation.IntDef">
      <val name="value" val="{dji.common.mission.waypoint.WaypointUploadProgress.UNKNOWN}" />
    </annotation>
  </item>
  <item name="dji.common.mission.waypoint.WaypointUploadProgress.InitialValue">
    <annotation name="android.support.annotation.IntDef">
      <val name="value" val="{dji.common.mission.waypoint.WaypointUploadProgress.UNKNOWN}" />
    </annotation>
  </item>
</root>

