<?xml version="1.0" encoding="UTF-8"?>
<root>
  <item name="com.dji.proto.DJIProtoUtil byte[] encodePackage(int, int, java.lang.String, com.squareup.wire.Message) 1">
    <annotation name="android.support.annotation.IntDef">
      <val name="flag" val="true" />
      <val name="value" val="{com.dji.proto.DJIProtoUtil.ENCRYPT_TYPE_NONE, com.dji.proto.DJIProtoUtil.ENCRYPT_TYPE_AES}" />
    </annotation>
  </item>
  <item name="com.dji.proto.DJIProtoUtil.EncryptType">
    <annotation name="android.support.annotation.IntDef">
      <val name="flag" val="true" />
      <val name="value" val="{com.dji.proto.DJIProtoUtil.ENCRYPT_TYPE_NONE, com.dji.proto.DJIProtoUtil.ENCRYPT_TYPE_AES}" />
    </annotation>
  </item>
</root>

