<?xml version="1.0" encoding="UTF-8"?>
<root>
  <item name="dji.log.DJILog void json(int, java.lang.String, java.lang.String) 0">
    <annotation name="android.support.annotation.IntDef">
      <val name="value" val="{android.util.Log.VERBOSE, android.util.Log.DEBUG, android.util.Log.INFO, android.util.Log.WARN, android.util.Log.ERROR}" />
    </annotation>
  </item>
  <item name="dji.log.DJILog void object(int, java.lang.String, java.lang.Object) 0">
    <annotation name="android.support.annotation.IntDef">
      <val name="value" val="{android.util.Log.VERBOSE, android.util.Log.DEBUG, android.util.Log.INFO, android.util.Log.WARN, android.util.Log.ERROR}" />
    </annotation>
  </item>
  <item name="dji.log.DJILog void saveLog(int, java.lang.String, java.lang.String, java.lang.String) 0">
    <annotation name="android.support.annotation.IntDef">
      <val name="value" val="{android.util.Log.VERBOSE, android.util.Log.DEBUG, android.util.Log.INFO, android.util.Log.WARN, android.util.Log.ERROR}" />
    </annotation>
  </item>
  <item name="dji.log.DJILog void xml(int, java.lang.String, java.lang.String) 0">
    <annotation name="android.support.annotation.IntDef">
      <val name="value" val="{android.util.Log.VERBOSE, android.util.Log.DEBUG, android.util.Log.INFO, android.util.Log.WARN, android.util.Log.ERROR}" />
    </annotation>
  </item>
  <item name="dji.log.DJILog.Level">
    <annotation name="android.support.annotation.IntDef">
      <val name="value" val="{android.util.Log.VERBOSE, android.util.Log.DEBUG, android.util.Log.INFO, android.util.Log.WARN, android.util.Log.ERROR}" />
    </annotation>
  </item>
  <item name="dji.log.DJILogConsoleConfig boolean isAllow(int) 0">
    <annotation name="android.support.annotation.IntDef">
      <val name="value" val="{android.util.Log.VERBOSE, android.util.Log.DEBUG, android.util.Log.INFO, android.util.Log.WARN, android.util.Log.ERROR}" />
    </annotation>
  </item>
  <item name="dji.log.DJILogConsoleConfig.Builder dji.log.DJILogConsoleConfig.Builder setDebuggablePriority(int) 0">
    <annotation name="android.support.annotation.IntDef">
      <val name="value" val="{android.util.Log.VERBOSE, android.util.Log.DEBUG, android.util.Log.INFO, android.util.Log.WARN, android.util.Log.ERROR}" />
    </annotation>
  </item>
  <item name="dji.log.DJILogConsoleConfig.Builder dji.log.DJILogConsoleConfig.Builder setFactoryPriority(int) 0">
    <annotation name="android.support.annotation.IntDef">
      <val name="value" val="{android.util.Log.VERBOSE, android.util.Log.DEBUG, android.util.Log.INFO, android.util.Log.WARN, android.util.Log.ERROR}" />
    </annotation>
  </item>
  <item name="dji.log.DJILogConsoleConfig.Builder dji.log.DJILogConsoleConfig.Builder setInnerPriority(int) 0">
    <annotation name="android.support.annotation.IntDef">
      <val name="value" val="{android.util.Log.VERBOSE, android.util.Log.DEBUG, android.util.Log.INFO, android.util.Log.WARN, android.util.Log.ERROR}" />
    </annotation>
  </item>
  <item name="dji.log.DJILogConsoleConfig.Builder dji.log.DJILogConsoleConfig.Builder setReleasePriority(int) 0">
    <annotation name="android.support.annotation.IntDef">
      <val name="value" val="{android.util.Log.VERBOSE, android.util.Log.DEBUG, android.util.Log.INFO, android.util.Log.WARN, android.util.Log.ERROR}" />
    </annotation>
  </item>
</root>

