<?xml version="1.0" encoding="UTF-8"?>
<root>
  <item name="dji.keysdk.AccessoryAggregationKey dji.keysdk.AccessoryAggregationKey create(java.lang.String) 0">
    <annotation name="android.support.annotation.StringDef">
      <val name="value" val="{dji.keysdk.DJIKey.CONNECTION}" />
    </annotation>
  </item>
  <item name="dji.keysdk.AccessoryAggregationKey dji.keysdk.AccessoryAggregationKey create(java.lang.String, int) 0">
    <annotation name="android.support.annotation.StringDef">
      <val name="value" val="{dji.keysdk.DJIKey.CONNECTION}" />
    </annotation>
  </item>
  <item name="dji.keysdk.AccessoryAggregationKey dji.keysdk.AccessoryAggregationKey createBeaconKey(java.lang.String) 0">
    <annotation name="android.support.annotation.StringDef">
      <val name="value" val="{dji.keysdk.DJIKey.CONNECTION, dji.keysdk.DJIKey.SERIAL_NUMBER, dji.keysdk.DJIKey.FIRMWARE_VERSION, dji.keysdk.AccessoryAggregationKey.BEACON_ENABLED}" />
    </annotation>
  </item>
  <item name="dji.keysdk.AccessoryAggregationKey dji.keysdk.AccessoryAggregationKey createBeaconKey(java.lang.String, int) 0">
    <annotation name="android.support.annotation.StringDef">
      <val name="value" val="{dji.keysdk.DJIKey.CONNECTION, dji.keysdk.DJIKey.SERIAL_NUMBER, dji.keysdk.DJIKey.FIRMWARE_VERSION, dji.keysdk.AccessoryAggregationKey.BEACON_ENABLED}" />
    </annotation>
  </item>
  <item name="dji.keysdk.AccessoryAggregationKey dji.keysdk.AccessoryAggregationKey createSpeakerKey(java.lang.String) 0">
    <annotation name="android.support.annotation.StringDef">
      <val name="value" val="{dji.keysdk.DJIKey.CONNECTION, dji.keysdk.DJIKey.SERIAL_NUMBER, dji.keysdk.DJIKey.FIRMWARE_VERSION, dji.keysdk.AccessoryAggregationKey.SPEAKER_VOLUME, dji.keysdk.AccessoryAggregationKey.SPEAKER_STATE, dji.keysdk.AccessoryAggregationKey.PLAY_MODE, dji.keysdk.AccessoryAggregationKey.STOP, dji.keysdk.AccessoryAggregationKey.PLAY}" />
    </annotation>
  </item>
  <item name="dji.keysdk.AccessoryAggregationKey dji.keysdk.AccessoryAggregationKey createSpeakerKey(java.lang.String, int) 0">
    <annotation name="android.support.annotation.StringDef">
      <val name="value" val="{dji.keysdk.DJIKey.CONNECTION, dji.keysdk.DJIKey.SERIAL_NUMBER, dji.keysdk.DJIKey.FIRMWARE_VERSION, dji.keysdk.AccessoryAggregationKey.SPEAKER_VOLUME, dji.keysdk.AccessoryAggregationKey.SPEAKER_STATE, dji.keysdk.AccessoryAggregationKey.PLAY_MODE, dji.keysdk.AccessoryAggregationKey.STOP, dji.keysdk.AccessoryAggregationKey.PLAY}" />
    </annotation>
  </item>
  <item name="dji.keysdk.AccessoryAggregationKey dji.keysdk.AccessoryAggregationKey createSpotlightKey(java.lang.String) 0">
    <annotation name="android.support.annotation.StringDef">
      <val name="value" val="{dji.keysdk.DJIKey.CONNECTION, dji.keysdk.DJIKey.SERIAL_NUMBER, dji.keysdk.DJIKey.FIRMWARE_VERSION, dji.keysdk.AccessoryAggregationKey.SPOTLIGHT_ENABLED, dji.keysdk.AccessoryAggregationKey.SPOTLIGHT_BRIGHTNESS, dji.keysdk.AccessoryAggregationKey.SPOTLIGHT_TEMPERATURE}" />
    </annotation>
  </item>
  <item name="dji.keysdk.AccessoryAggregationKey dji.keysdk.AccessoryAggregationKey createSpotlightKey(java.lang.String, int) 0">
    <annotation name="android.support.annotation.StringDef">
      <val name="value" val="{dji.keysdk.DJIKey.CONNECTION, dji.keysdk.DJIKey.SERIAL_NUMBER, dji.keysdk.DJIKey.FIRMWARE_VERSION, dji.keysdk.AccessoryAggregationKey.SPOTLIGHT_ENABLED, dji.keysdk.AccessoryAggregationKey.SPOTLIGHT_BRIGHTNESS, dji.keysdk.AccessoryAggregationKey.SPOTLIGHT_TEMPERATURE}" />
    </annotation>
  </item>
  <item name="dji.keysdk.AirLinkKey dji.keysdk.AirLinkKey create(java.lang.String) 0">
    <annotation name="android.support.annotation.StringDef">
      <val name="value" val="{dji.keysdk.AirLinkKey.IS_WIFI_LINK_SUPPORTED, dji.keysdk.AirLinkKey.IS_LIGHTBRIDGE_LINK_SUPPORTED}" />
    </annotation>
  </item>
  <item name="dji.keysdk.AirLinkKey dji.keysdk.AirLinkKey create(java.lang.String, int) 0">
    <annotation name="android.support.annotation.StringDef">
      <val name="value" val="{dji.keysdk.AirLinkKey.IS_WIFI_LINK_SUPPORTED, dji.keysdk.AirLinkKey.IS_LIGHTBRIDGE_LINK_SUPPORTED}" />
    </annotation>
  </item>
  <item name="dji.keysdk.AirLinkKey dji.keysdk.AirLinkKey createLightbridgeLinkKey(java.lang.String) 0">
    <annotation name="android.support.annotation.StringDef">
      <val name="value" val="{dji.keysdk.AirLinkKey.BANDWIDTH_ALLOCATION_FOR_HDMI_VIDEO_INPUT_PORT, dji.keysdk.AirLinkKey.IS_EXT_VIDEO_INPUT_PORT_ENABLED, dji.keysdk.AirLinkKey.BANDWIDTH_ALLOCATION_FOR_LB_VIDEO_INPUT_PORT, dji.keysdk.AirLinkKey.CHANNEL_INTERFERENCE, dji.keysdk.AirLinkKey.CHANNEL_NUMBER, dji.keysdk.AirLinkKey.DATA_RATE, dji.keysdk.AirLinkKey.SECONDARY_VIDEO_OUTPUT_ENABLED, dji.keysdk.AirLinkKey.SECONDARY_VIDEO_OUTPUT_PORT, dji.keysdk.AirLinkKey.SECONDARY_VIDEO_DISPLAY_MODE, dji.keysdk.AirLinkKey.SECONDARY_VIDEO_OSD_ENABLED, dji.keysdk.AirLinkKey.SECONDARY_VIDEO_OSD_TOP_MARGIN, dji.keysdk.AirLinkKey.SECONDARY_VIDEO_OSD_LEFT_MARGIN, dji.keysdk.AirLinkKey.SECONDARY_VIDEO_OSD_BOTTOM_MARGIN, dji.keysdk.AirLinkKey.SECONDARY_VIDEO_OSD_RIGHT_MARGIN, dji.keysdk.AirLinkKey.SECONDARY_VIDEO_OSD_UNIT, dji.keysdk.AirLinkKey.HDMI_OUTPUT_FORMAT, dji.keysdk.AirLinkKey.SDI_OUTPUT_FORMAT, dji.keysdk.AirLinkKey.PIP_POSITION, dji.keysdk.AirLinkKey.CHANNEL_SELECTION_MODE, dji.keysdk.AirLinkKey.UPLINK_SIGNAL_QUALITY, dji.keysdk.AirLinkKey.DOWNLINK_SIGNAL_QUALITY, dji.keysdk.AirLinkKey.AIRCRAFT_ANTENNA_RSSI, dji.keysdk.AirLinkKey.REMOTE_CONTROLLER_ANTENNA_RSSI, dji.keysdk.AirLinkKey.CHANNEL_RANGE, dji.keysdk.AirLinkKey.LB_SUPPORTED_FREQUENCY_BANDS, dji.keysdk.AirLinkKey.TRANSMISSION_MODE, dji.keysdk.AirLinkKey.LB_FREQUENCY_BAND, dji.keysdk.AirLinkKey.BANDWIDTH_ALLOCATION_FOR_LEFT_CAMERA}" />
    </annotation>
  </item>
  <item name="dji.keysdk.AirLinkKey dji.keysdk.AirLinkKey createLightbridgeLinkKey(java.lang.String, int) 0">
    <annotation name="android.support.annotation.StringDef">
      <val name="value" val="{dji.keysdk.AirLinkKey.BANDWIDTH_ALLOCATION_FOR_HDMI_VIDEO_INPUT_PORT, dji.keysdk.AirLinkKey.IS_EXT_VIDEO_INPUT_PORT_ENABLED, dji.keysdk.AirLinkKey.BANDWIDTH_ALLOCATION_FOR_LB_VIDEO_INPUT_PORT, dji.keysdk.AirLinkKey.CHANNEL_INTERFERENCE, dji.keysdk.AirLinkKey.CHANNEL_NUMBER, dji.keysdk.AirLinkKey.DATA_RATE, dji.keysdk.AirLinkKey.SECONDARY_VIDEO_OUTPUT_ENABLED, dji.keysdk.AirLinkKey.SECONDARY_VIDEO_OUTPUT_PORT, dji.keysdk.AirLinkKey.SECONDARY_VIDEO_DISPLAY_MODE, dji.keysdk.AirLinkKey.SECONDARY_VIDEO_OSD_ENABLED, dji.keysdk.AirLinkKey.SECONDARY_VIDEO_OSD_TOP_MARGIN, dji.keysdk.AirLinkKey.SECONDARY_VIDEO_OSD_LEFT_MARGIN, dji.keysdk.AirLinkKey.SECONDARY_VIDEO_OSD_BOTTOM_MARGIN, dji.keysdk.AirLinkKey.SECONDARY_VIDEO_OSD_RIGHT_MARGIN, dji.keysdk.AirLinkKey.SECONDARY_VIDEO_OSD_UNIT, dji.keysdk.AirLinkKey.HDMI_OUTPUT_FORMAT, dji.keysdk.AirLinkKey.SDI_OUTPUT_FORMAT, dji.keysdk.AirLinkKey.PIP_POSITION, dji.keysdk.AirLinkKey.CHANNEL_SELECTION_MODE, dji.keysdk.AirLinkKey.UPLINK_SIGNAL_QUALITY, dji.keysdk.AirLinkKey.DOWNLINK_SIGNAL_QUALITY, dji.keysdk.AirLinkKey.AIRCRAFT_ANTENNA_RSSI, dji.keysdk.AirLinkKey.REMOTE_CONTROLLER_ANTENNA_RSSI, dji.keysdk.AirLinkKey.CHANNEL_RANGE, dji.keysdk.AirLinkKey.LB_SUPPORTED_FREQUENCY_BANDS, dji.keysdk.AirLinkKey.TRANSMISSION_MODE, dji.keysdk.AirLinkKey.LB_FREQUENCY_BAND, dji.keysdk.AirLinkKey.BANDWIDTH_ALLOCATION_FOR_LEFT_CAMERA}" />
    </annotation>
  </item>
  <item name="dji.keysdk.AirLinkKey dji.keysdk.AirLinkKey createOcuSyncLinkKey(java.lang.String) 0">
    <annotation name="android.support.annotation.StringDef">
      <val name="value" val="{dji.keysdk.AirLinkKey.UPLINK_SIGNAL_QUALITY, dji.keysdk.AirLinkKey.DOWNLINK_SIGNAL_QUALITY, dji.keysdk.AirLinkKey.BANDWIDTH, dji.keysdk.AirLinkKey.DYNAMIC_DATA_RATE, dji.keysdk.AirLinkKey.FREQUENCY_POINT_INDEX, dji.keysdk.AirLinkKey.FREQUENCY_POINT_INDEX_VALID_RANGE, dji.keysdk.AirLinkKey.FREQUENCY_POINT_RSSIS, dji.keysdk.AirLinkKey.WARNING_MESSAGES, dji.keysdk.AirLinkKey.CHANNEL_SELECTION_MODE, dji.keysdk.AirLinkKey.IS_DUAL_BAND_SUPPORTED, dji.keysdk.AirLinkKey.OCUSYNC_FREQUENCY_BAND, dji.keysdk.AirLinkKey.OCUSYNC_SUPPORTED_FREQUENCY_BANDS}" />
    </annotation>
  </item>
  <item name="dji.keysdk.AirLinkKey dji.keysdk.AirLinkKey createOcuSyncLinkKey(java.lang.String, int) 0">
    <annotation name="android.support.annotation.StringDef">
      <val name="value" val="{dji.keysdk.AirLinkKey.UPLINK_SIGNAL_QUALITY, dji.keysdk.AirLinkKey.DOWNLINK_SIGNAL_QUALITY, dji.keysdk.AirLinkKey.BANDWIDTH, dji.keysdk.AirLinkKey.DYNAMIC_DATA_RATE, dji.keysdk.AirLinkKey.FREQUENCY_POINT_INDEX, dji.keysdk.AirLinkKey.FREQUENCY_POINT_INDEX_VALID_RANGE, dji.keysdk.AirLinkKey.FREQUENCY_POINT_RSSIS, dji.keysdk.AirLinkKey.WARNING_MESSAGES, dji.keysdk.AirLinkKey.CHANNEL_SELECTION_MODE, dji.keysdk.AirLinkKey.IS_DUAL_BAND_SUPPORTED, dji.keysdk.AirLinkKey.OCUSYNC_FREQUENCY_BAND, dji.keysdk.AirLinkKey.OCUSYNC_SUPPORTED_FREQUENCY_BANDS}" />
    </annotation>
  </item>
  <item name="dji.keysdk.AirLinkKey dji.keysdk.AirLinkKey createWiFiLinkKey(java.lang.String) 0">
    <annotation name="android.support.annotation.StringDef">
      <val name="value" val="{dji.keysdk.AirLinkKey.SELECTION_MODE, dji.keysdk.AirLinkKey.REBOOT, dji.keysdk.AirLinkKey.DOWNLINK_SIGNAL_QUALITY, dji.keysdk.AirLinkKey.UPLINK_SIGNAL_QUALITY, dji.keysdk.AirLinkKey.MAGNETIC_INTERFERENCE, dji.keysdk.AirLinkKey.CHANNEL_INTERFERENCE, dji.keysdk.AirLinkKey.CHANNEL_NUMBER, dji.keysdk.AirLinkKey.AVAILABLE_CHANNEL_NUMBERS, dji.keysdk.AirLinkKey.SSID, dji.keysdk.AirLinkKey.PASSWORD, dji.keysdk.AirLinkKey.WIFI_FREQUENCY_BAND, dji.keysdk.AirLinkKey.DATA_RATE}" />
    </annotation>
  </item>
  <item name="dji.keysdk.AirLinkKey dji.keysdk.AirLinkKey createWiFiLinkKey(java.lang.String, int) 0">
    <annotation name="android.support.annotation.StringDef">
      <val name="value" val="{dji.keysdk.AirLinkKey.SELECTION_MODE, dji.keysdk.AirLinkKey.REBOOT, dji.keysdk.AirLinkKey.DOWNLINK_SIGNAL_QUALITY, dji.keysdk.AirLinkKey.UPLINK_SIGNAL_QUALITY, dji.keysdk.AirLinkKey.MAGNETIC_INTERFERENCE, dji.keysdk.AirLinkKey.CHANNEL_INTERFERENCE, dji.keysdk.AirLinkKey.CHANNEL_NUMBER, dji.keysdk.AirLinkKey.AVAILABLE_CHANNEL_NUMBERS, dji.keysdk.AirLinkKey.SSID, dji.keysdk.AirLinkKey.PASSWORD, dji.keysdk.AirLinkKey.WIFI_FREQUENCY_BAND, dji.keysdk.AirLinkKey.DATA_RATE}" />
    </annotation>
  </item>
  <item name="dji.keysdk.BatteryKey dji.keysdk.BatteryKey create(java.lang.String) 0">
    <annotation name="android.support.annotation.StringDef">
      <val name="value" val="{dji.keysdk.BatteryKey.FULL_CHARGE_CAPACITY, dji.keysdk.BatteryKey.CHARGE_REMAINING, dji.keysdk.BatteryKey.VOLTAGE, dji.keysdk.BatteryKey.CURRENT, dji.keysdk.BatteryKey.LIFETIME_REMAINING, dji.keysdk.BatteryKey.IS_BIG_BATTERY, dji.keysdk.BatteryKey.CHARGE_REMAINING_IN_PERCENT, dji.keysdk.BatteryKey.TEMPERATURE, dji.keysdk.BatteryKey.NUMBER_OF_DISCHARGES, dji.keysdk.BatteryKey.LATEST_WARNING_RECORD, dji.keysdk.BatteryKey.HISTORICAL_WARNING_RECORDS, dji.keysdk.BatteryKey.SELF_DISCHARGE_IN_DAYS, dji.keysdk.BatteryKey.SERIAL_NUMBER, dji.keysdk.BatteryKey.CELL_VOLTAGES, dji.keysdk.BatteryKey.NUMBER_OF_CELLS, dji.keysdk.BatteryKey.IS_SMART_BATTERY, dji.keysdk.BatteryKey.IS_IN_SINGLE_BATTERY_MODE, dji.keysdk.BatteryKey.LEVEL_1_CELL_VOLTAGE_THRESHOLD, dji.keysdk.BatteryKey.LEVEL_2_CELL_VOLTAGE_THRESHOLD, dji.keysdk.BatteryKey.LEVEL_1_CELL_VOLTAGE_BEHAVIOR, dji.keysdk.BatteryKey.LEVEL_2_CELL_VOLTAGE_BEHAVIOR, dji.keysdk.BatteryKey.FIRMWARE_VERSION, dji.keysdk.BatteryKey.CONNECTION_STATE, dji.keysdk.BatteryKey.PAIR_BATTERIES, dji.keysdk.BatteryKey.PAIRING_STATE, dji.keysdk.BatteryKey.IS_BEING_CHARGED, dji.keysdk.BatteryKey.CELL_VOLTAGE_LEVEL, dji.keysdk.BatteryKey.IS_BATTERY_SELF_HEATING, dji.keysdk.BatteryKey.SELF_HEATING_STATE, dji.keysdk.BatteryKey.PRODUCTION_DATE}" />
    </annotation>
  </item>
  <item name="dji.keysdk.BatteryKey dji.keysdk.BatteryKey create(java.lang.String, int) 0">
    <annotation name="android.support.annotation.StringDef">
      <val name="value" val="{dji.keysdk.BatteryKey.FULL_CHARGE_CAPACITY, dji.keysdk.BatteryKey.CHARGE_REMAINING, dji.keysdk.BatteryKey.VOLTAGE, dji.keysdk.BatteryKey.CURRENT, dji.keysdk.BatteryKey.LIFETIME_REMAINING, dji.keysdk.BatteryKey.IS_BIG_BATTERY, dji.keysdk.BatteryKey.CHARGE_REMAINING_IN_PERCENT, dji.keysdk.BatteryKey.TEMPERATURE, dji.keysdk.BatteryKey.NUMBER_OF_DISCHARGES, dji.keysdk.BatteryKey.LATEST_WARNING_RECORD, dji.keysdk.BatteryKey.HISTORICAL_WARNING_RECORDS, dji.keysdk.BatteryKey.SELF_DISCHARGE_IN_DAYS, dji.keysdk.BatteryKey.SERIAL_NUMBER, dji.keysdk.BatteryKey.CELL_VOLTAGES, dji.keysdk.BatteryKey.NUMBER_OF_CELLS, dji.keysdk.BatteryKey.IS_SMART_BATTERY, dji.keysdk.BatteryKey.IS_IN_SINGLE_BATTERY_MODE, dji.keysdk.BatteryKey.LEVEL_1_CELL_VOLTAGE_THRESHOLD, dji.keysdk.BatteryKey.LEVEL_2_CELL_VOLTAGE_THRESHOLD, dji.keysdk.BatteryKey.LEVEL_1_CELL_VOLTAGE_BEHAVIOR, dji.keysdk.BatteryKey.LEVEL_2_CELL_VOLTAGE_BEHAVIOR, dji.keysdk.BatteryKey.FIRMWARE_VERSION, dji.keysdk.BatteryKey.CONNECTION_STATE, dji.keysdk.BatteryKey.PAIR_BATTERIES, dji.keysdk.BatteryKey.PAIRING_STATE, dji.keysdk.BatteryKey.IS_BEING_CHARGED, dji.keysdk.BatteryKey.CELL_VOLTAGE_LEVEL, dji.keysdk.BatteryKey.IS_BATTERY_SELF_HEATING, dji.keysdk.BatteryKey.SELF_HEATING_STATE, dji.keysdk.BatteryKey.PRODUCTION_DATE}" />
    </annotation>
  </item>
  <item name="dji.keysdk.BatteryKey dji.keysdk.BatteryKey createBatteryAggregationKey(java.lang.String) 0">
    <annotation name="android.support.annotation.StringDef">
      <val name="value" val="{dji.keysdk.BatteryKey.OVERVIEWS, dji.keysdk.BatteryKey.HIGHEST_TEMPERATURE, dji.keysdk.BatteryKey.IS_ANY_BATTERY_DISCONNECTED, dji.keysdk.BatteryKey.IS_VOLTAGE_DIFFERENCE_DETECTED, dji.keysdk.BatteryKey.IS_LOW_CELL_VOLTAGE_DETECTED, dji.keysdk.BatteryKey.IS_CELL_DAMAGED, dji.keysdk.BatteryKey.IS_FIRMWARE_DIFFERENCE_DETECTED, dji.keysdk.BatteryKey.NUMBER_OF_CONNECTED_BATTERIES, dji.keysdk.BatteryKey.AGGREGATION_STATE}" />
    </annotation>
  </item>
  <item name="dji.keysdk.CameraKey dji.keysdk.CameraKey create(java.lang.String) 0">
    <annotation name="android.support.annotation.StringDef">
      <val name="value" val="{dji.keysdk.CameraKey.DISPLAY_MODE, dji.keysdk.CameraKey.PIP_POSITION, dji.keysdk.CameraKey.DUAL_FEED_VERTICAL_ALALIGNMENT_OFFSET, dji.keysdk.CameraKey.DUAL_FEED_HORIZONT_ALALIGNMENT_OFFSET, dji.keysdk.CameraKey.TEMPERATURE_UNIT, dji.keysdk.CameraKey.MSX_LEVEL, dji.keysdk.CameraKey.START_RECORD_VIDEO_IN_CACHE, dji.keysdk.CameraKey.STOP_RECORD_VIDEO_IN_CACHE, dji.keysdk.CameraKey.MODE, dji.keysdk.CameraKey.HARDWARE_VERSION, dji.keysdk.CameraKey.MODE_RANGE, dji.keysdk.CameraKey.RESOLUTION_FRAME_RATE, dji.keysdk.CameraKey.VIDEO_RESOLUTION_FRAME_RATE_RANGE, dji.keysdk.CameraKey.SSD_VIDEO_RESOLUTION_RANGE, dji.keysdk.CameraKey.VIDEO_FILE_FORMAT, dji.keysdk.CameraKey.VIDEO_STANDARD, dji.keysdk.CameraKey.PHOTO_ASPECT_RATIO, dji.keysdk.CameraKey.PHOTO_FILE_FORMAT, dji.keysdk.CameraKey.PHOTO_BURST_COUNT, dji.keysdk.CameraKey.PHOTO_RAW_BURST_COUNT, dji.keysdk.CameraKey.PHOTO_TIME_INTERVAL_SETTINGS, dji.keysdk.CameraKey.EXPOSURE_MODE, dji.keysdk.CameraKey.EXPOSURE_MODE_RANGE, dji.keysdk.CameraKey.WHITE_BALANCE, dji.keysdk.CameraKey.METERING_MODE, dji.keysdk.CameraKey.ANTI_FLICKER_FREQUENCY, dji.keysdk.CameraKey.SHARPNESS, dji.keysdk.CameraKey.CONTRAST, dji.keysdk.CameraKey.SATURATION, dji.keysdk.CameraKey.PICTURE_STYLE_PRESET, dji.keysdk.CameraKey.SPOT_METERING_TARGET, dji.keysdk.CameraKey.CAMERA_COLOR, dji.keysdk.CameraKey.AE_LOCK, dji.keysdk.CameraKey.AUDIO_RECORDING_ENABLED, dji.keysdk.CameraKey.PHOTO_TIME_LAPSE_SETTINGS, dji.keysdk.CameraKey.APERTURE, dji.keysdk.CameraKey.CAMERA_COLOR_RANGE, dji.keysdk.CameraKey.APERTURE_RANGE, dji.keysdk.CameraKey.SHUTTER_SPEED, dji.keysdk.CameraKey.SHUTTER_SPEED_RANGE, dji.keysdk.CameraKey.ISO, dji.keysdk.CameraKey.ISO_RANGE, dji.keysdk.CameraKey.EXPOSURE_COMPENSATION, dji.keysdk.CameraKey.EXPOSURE_COMPENSATION_RANGE, dji.keysdk.CameraKey.VIDEO_CAPTION_ENABLED, dji.keysdk.CameraKey.FILE_INDEX_MODE, dji.keysdk.CameraKey.FIRMWARE_VERSION, dji.keysdk.CameraKey.AUDIO_GAIN, dji.keysdk.CameraKey.TURN_OFF_FAN_WHEN_POSSIBLE, dji.keysdk.CameraKey.DIGITAL_ZOOM_FACTOR, dji.keysdk.CameraKey.LENS_INFORMATION, dji.keysdk.CameraKey.FOCUS_TARGET, dji.keysdk.CameraKey.FOCUS_RING_VALUE, dji.keysdk.CameraKey.FOCUS_RING_VALUE_UPPER_BOUND, dji.keysdk.CameraKey.DEMARCATE_VALUE, dji.keysdk.CameraKey.OPTICAL_ZOOM_SPEC, dji.keysdk.CameraKey.OPTICAL_ZOOM_FOCAL_LENGTH, dji.keysdk.CameraKey.THERMAL_ROI, dji.keysdk.CameraKey.THERMAL_PALETTE, dji.keysdk.CameraKey.THERMAL_SCENE, dji.keysdk.CameraKey.THERMAL_DDE, dji.keysdk.CameraKey.THERMAL_ACE, dji.keysdk.CameraKey.THERMAL_SSO, dji.keysdk.CameraKey.THERMAL_BRIGHTNESS, dji.keysdk.CameraKey.THERMAL_CONTRAST, dji.keysdk.CameraKey.THERMAL_ISOTHERM_ENABLED, dji.keysdk.CameraKey.THERMAL_ISOTHERM_UNIT, dji.keysdk.CameraKey.THERMAL_ISOTHERM_UPPER_VALUE, dji.keysdk.CameraKey.THERMAL_ISOTHERM_MIDDLE_VALUE, dji.keysdk.CameraKey.THERMAL_ISOTHERM_LOWER_VALUE, dji.keysdk.CameraKey.THERMAL_GAIN_MODE, dji.keysdk.CameraKey.THERMAL_TEMPERATURE_DATA, dji.keysdk.CameraKey.THERMAL_DIGITAL_ZOOM_FACTOR, dji.keysdk.CameraKey.THERMAL_FFC_MODE, dji.keysdk.CameraKey.TRIGGER_THERMAL_FFC, dji.keysdk.CameraKey.THERMAL_METERING_AREA, dji.keysdk.CameraKey.THERMAL_MEASUREMENT_MODE, dji.keysdk.CameraKey.THERMAL_SPOT_METERING_TARGET_POINT, dji.keysdk.CameraKey.THERMAL_AREA_TEMPERATURE_AGGREGATIONS, dji.keysdk.CameraKey.THERMAL_CUSTOM_EXTERNAL_SCENE_SETTINGS_PROFILE, dji.keysdk.CameraKey.THERMAL_ATMOSPHERIC_TEMPERATURE, dji.keysdk.CameraKey.THERMAL_ATMOSPHERIC_TRANSMISSION_COEFFICIENT, dji.keysdk.CameraKey.THERMAL_BACKGROUND_TEMPERATURE, dji.keysdk.CameraKey.THERMAL_SCENE_EMISSIVITY, dji.keysdk.CameraKey.THERMAL_WINDOW_REFLECTION, dji.keysdk.CameraKey.THERMAL_WINDOW_REFLECTED_TEMPERATURE, dji.keysdk.CameraKey.THERMAL_WINDOW_TEMPERATURE, dji.keysdk.CameraKey.THERMAL_WINDOW_TRANSMISSION_COEFFICIENT, dji.keysdk.CameraKey.THERMAL_PROFILE, dji.keysdk.CameraKey.SERIAL_NUMBER, dji.keysdk.CameraKey.DISPLAY_NAME, dji.keysdk.CameraKey.SDCARD_IS_INITIALIZING, dji.keysdk.CameraKey.SDCARD_HAS_ERROR, dji.keysdk.CameraKey.SDCARD_IS_READ_ONLY, dji.keysdk.CameraKey.SDCARD_IS_INVALID_FORMAT, dji.keysdk.CameraKey.SDCARD_IS_FORMATTED, dji.keysdk.CameraKey.SDCARD_IS_FORMATTING, dji.keysdk.CameraKey.SDCARD_IS_FULL, dji.keysdk.CameraKey.SDCARD_IS_VERIFIED, dji.keysdk.CameraKey.SDCARD_IS_INSERTED, dji.keysdk.CameraKey.SDCARD_IS_BUSY, dji.keysdk.CameraKey.SDCARD_IS_SLOW, dji.keysdk.CameraKey.SDCARD_IS_REPAIRING_FILES, dji.keysdk.CameraKey.SDCARD_NEEDS_FORMATTING, dji.keysdk.CameraKey.SDCARD_IS_WRITE_SLOW, dji.keysdk.CameraKey.SDCARD_IS_CONNECTED_TO_PC, dji.keysdk.CameraKey.SDCARD_TOTAL_SPACE_IN_MB, dji.keysdk.CameraKey.SDCARD_REMAINING_SPACE_IN_MB, dji.keysdk.CameraKey.SDCARD_AVAILABLE_CAPTURE_COUNT, dji.keysdk.CameraKey.SDCARD_AVAILABLE_RECORDING_TIME_IN_SECONDS, dji.keysdk.CameraKey.INNERSTORAGE_IS_INITIALIZING, dji.keysdk.CameraKey.INNERSTORAGE_HAS_ERROR, dji.keysdk.CameraKey.INNERSTORAGE_IS_READ_ONLY, dji.keysdk.CameraKey.INNERSTORAGE_IS_INVALID_FORMAT, dji.keysdk.CameraKey.INNERSTORAGE_IS_FORMATTED, dji.keysdk.CameraKey.INNERSTORAGE_IS_FORMATTING, dji.keysdk.CameraKey.INNERSTORAGE_IS_FULL, dji.keysdk.CameraKey.INNERSTORAGE_IS_VERIFIED, dji.keysdk.CameraKey.INNERSTORAGE_IS_INSERTED, dji.keysdk.CameraKey.INNERSTORAGE_IS_BUSY, dji.keysdk.CameraKey.INNERSTORAGE_IS_SLOW, dji.keysdk.CameraKey.INNERSTORAGE_TOTAL_SPACE_IN_MB, dji.keysdk.CameraKey.INNERSTORAGE_REMAINING_SPACE_IN_MB, dji.keysdk.CameraKey.INNERSTORAGE_AVAILABLE_CAPTURE_COUNT, dji.keysdk.CameraKey.INNERSTORAGE_AVAILABLE_RECORDING_TIME_IN_SECONDS, dji.keysdk.CameraKey.FORMAT_INTERNAL_STORAGE, dji.keysdk.CameraKey.EXPOSURE_SETTINGS, dji.keysdk.CameraKey.IS_SHOOTING_SINGLE_PHOTO, dji.keysdk.CameraKey.IS_SHOOTING_INTERVAL_PHOTO, dji.keysdk.CameraKey.IS_SHOOTING_BURST_PHOTO, dji.keysdk.CameraKey.IS_STORING_PHOTO, dji.keysdk.CameraKey.IS_RECORDING, dji.keysdk.CameraKey.IS_OVERHEATING, dji.keysdk.CameraKey.HAS_ERROR, dji.keysdk.CameraKey.IS_SHOOTING_PHOTO_ENABLED, dji.keysdk.CameraKey.CURRENT_VIDEO_RECORDING_TIME_IN_SECONDS, dji.keysdk.CameraKey.IS_AUDIO_RECORDING_SUPPORTED, dji.keysdk.CameraKey.IS_VIDEO_PLAYBACK_SUPPORTED, dji.keysdk.CameraKey.IS_MEDIA_DOWNLOAD_MODE_SUPPORTED, dji.keysdk.CameraKey.IS_TIME_LAPSE_SUPPORTED, dji.keysdk.CameraKey.IS_DIGITAL_ZOOM_SUPPORTED, dji.keysdk.CameraKey.IS_AFC_SUPPORTED, dji.keysdk.CameraKey.PHOTO_AEB_COUNT, dji.keysdk.CameraKey.IS_PHOTO_QUICK_VIEW_SUPPORTED, dji.keysdk.CameraKey.IS_INTERCHANGEABLE_LENS_SUPPORTED, dji.keysdk.CameraKey.IS_ADJUSTABLE_APERTURE_SUPPORTED, dji.keysdk.CameraKey.IS_ADJUSTABLE_FOCAL_POINT_SUPPORTED, dji.keysdk.CameraKey.IS_METERING_MODE_SUPPORTED, dji.keysdk.CameraKey.IS_SSD_SUPPORTED, dji.keysdk.CameraKey.IS_OPTICAL_ZOOM_SUPPORTED, dji.keysdk.CameraKey.IS_THERMAL_CAMERA, dji.keysdk.CameraKey.LENS_IS_INSTALLED, dji.keysdk.CameraKey.LENS_IS_AF_SWITCH_ON, dji.keysdk.CameraKey.FOCUS_STATUS, dji.keysdk.CameraKey.FOCUS_MODE, dji.keysdk.CameraKey.LENS_IS_FOCUS_ASSISTANT_WORKING, dji.keysdk.CameraKey.FOCUS_ASSISTANT_SETTINGS, dji.keysdk.CameraKey.RAW_PHOTO_BURST_COUNT, dji.keysdk.CameraKey.SSD_OPERATION_STATE, dji.keysdk.CameraKey.SSD_VIDEO_LICENSES, dji.keysdk.CameraKey.SSD_IS_CONNECTED, dji.keysdk.CameraKey.SSD_TOTAL_SPACE, dji.keysdk.CameraKey.SSD_AVAILABLE_RECORDING_TIME_IN_SECONDS, dji.keysdk.CameraKey.SSD_REMAINING_SPACE_IN_MB, dji.keysdk.CameraKey.SSD_VIDEO_RESOLUTION_AND_FRAME_RATE, dji.keysdk.CameraKey.SSD_LEGACY_COLOR, dji.keysdk.CameraKey.HD_LIVE_VIEW_ENABLED, dji.keysdk.CameraKey.LED_AUTO_TURN_OFF_ENABLED, dji.keysdk.CameraKey.LEDS_AUTO_TURN_OFF_ENABLED_SETTINGS, dji.keysdk.CameraKey.AUTO_AE_UNLOCK_ENABLED, dji.keysdk.CameraKey.VIDEO_FILE_COMPRESSION_STANDARD, dji.keysdk.CameraKey.START_SHOOT_PHOTO, dji.keysdk.CameraKey.STOP_SHOOT_PHOTO, dji.keysdk.CameraKey.START_RECORD_VIDEO, dji.keysdk.CameraKey.STOP_RECORD_VIDEO, dji.keysdk.CameraKey.RESTORE_FACTORY_SETTINGS, dji.keysdk.CameraKey.FORMAT_SD_CARD, dji.keysdk.CameraKey.FORMAT_INTERNAL_STORAGE, dji.keysdk.CameraKey.SAVE_SETTINGS_TO_PROFILE, dji.keysdk.CameraKey.LOAD_SETTINGS_FROM_PROFILE, dji.keysdk.CameraKey.FORMAT_SSD, dji.keysdk.CameraKey.START_CONTINUOUS_OPTICAL_ZOOM, dji.keysdk.CameraKey.STOP_CONTINUOUS_OPTICAL_ZOOM, dji.keysdk.CameraKey.IS_SHOOTING_PHOTO, dji.keysdk.CameraKey.SHOOT_PHOTO_MODE, dji.keysdk.CameraKey.SHOOT_PHOTO_MODE_RANGE, dji.keysdk.CameraKey.SHOOT_PHOTO_MODE_CHILD_RANGE, dji.keysdk.CameraKey.PHOTO_FILE_FORMAT_RANGE, dji.keysdk.CameraKey.WHITE_BALANCE_PRESENT_RANGE, dji.keysdk.CameraKey.WHITE_BALANCE_CUSTOM_COLOR_TEMPERATURE_RANGE, dji.keysdk.CameraKey.PHOTO_ASPECT_RATIO_RANGE, dji.keysdk.CameraKey.VIDEO_FILE_FORMAT_RANGE, dji.keysdk.CameraKey.ANTI_FLICKER_RANGE, dji.keysdk.CameraKey.VIDEO_STANDARD_RANGE, dji.keysdk.CameraKey.VIDEO_COMPRESSION_STANDARD_RANGE, dji.keysdk.CameraKey.ORIENTATION_RANGE, dji.keysdk.CameraKey.PANO_ORIGINAL_IMAGES_FORMAT_RANGE, dji.keysdk.CameraKey.HYPERLAPSE_ORIGINAL_IMAGES_FORMAT_RANGE, dji.keysdk.CameraKey.IS_VIDEO_PLAYBACK_SUPPORTED, dji.keysdk.CameraKey.IS_PLAYBACK_SUPPORTED, dji.keysdk.CameraKey.TAP_ZOOM_ENABLED, dji.keysdk.CameraKey.TAP_ZOOM_AT_TARGET, dji.keysdk.CameraKey.TAP_ZOOM_MULTIPLIER, dji.keysdk.CameraKey.DEFOG_ENABLED, dji.keysdk.CameraKey.OPTICAL_ZOOM_SCALE, dji.keysdk.CameraKey.CUSTOM_INFORMATION, dji.keysdk.CameraKey.PHOTO_QUICK_VIEW_DURATION, dji.keysdk.CameraKey.THERMAL_IS_FFC_MODE_SUPPORTED, dji.keysdk.CameraKey.IS_SHOOTING_SINGLE_PHOTO_IN_RAW_FORMAT, dji.keysdk.CameraKey.IS_SHOOTING_RAW_BURST_PHOTO, dji.keysdk.CameraKey.IS_OPTICAL_ZOOM_SUPPORTED, dji.keysdk.CameraKey.ORIENTATION, dji.keysdk.CameraKey.SSD_VIDEO_RECORDING_ENABLED, dji.keysdk.CameraKey.ACTIVATE_SSD_VIDEO_LICENSE, dji.keysdk.CameraKey.CAMERA_TYPE, dji.keysdk.CameraKey.RECORDING_STATE, dji.keysdk.CameraKey.VISION_STABILIZATION_ENABLED, dji.keysdk.CameraKey.IS_SHOOTING_SHALLOW_FOCUS_PHOTO, dji.keysdk.CameraKey.IS_SHOOTING_PANORAMA_PHOTO, dji.keysdk.CameraKey.PSEUDO_CAMERA_CAPTURE_PROGRESS, dji.keysdk.CameraKey.PHOTO_PANORAMA_MODE, dji.keysdk.CameraKey.VISION_STABILIZATION_STATE, dji.keysdk.CameraKey.IRC_ENABLE, dji.keysdk.CameraKey.DEWARPING_ENABLED, dji.keysdk.CameraKey.IS_DEWARPING_SUPPORTED, dji.keysdk.CameraKey.IS_SENSOR_CLEANING_SUPPORTED, dji.keysdk.CameraKey.SENSOR_CLEANING_STATE, dji.keysdk.CameraKey.INIT_SENSOR_CLEANING_MODE, dji.keysdk.CameraKey.EXIT_SENSOR_CLEANING_MODE, dji.keysdk.CameraKey.START_SENSOR_CLEANING, dji.keysdk.CameraKey.IS_EI_MODE_SUPPORTED, dji.keysdk.CameraKey.EXPOSURE_SENSITIVITY_MODE, dji.keysdk.CameraKey.EI_VALUE, dji.keysdk.CameraKey.RECOMMENDED_EI_VALUE, dji.keysdk.CameraKey.EI_VALUE_RANGE, dji.keysdk.CameraKey.EI_COLOR, dji.keysdk.CameraKey.EXPOSURE_STATE, dji.keysdk.CameraKey.IS_MECHANICAL_SHUTTER_SUPPORTED, dji.keysdk.CameraKey.MECHANICAL_SHUTTER_ENABLED, dji.keysdk.CameraKey.IS_ND_FILTER_MODE_SUPPORTED, dji.keysdk.CameraKey.NDFILTER_MODE, dji.keysdk.CameraKey.SSD_CLIP_FILE_NAME, dji.keysdk.CameraKey.SSD_COLOR, dji.keysdk.CameraKey.SSD_COLOR_RANGE, dji.keysdk.CameraKey.SSD_VIDEO_RESOLUTION_FRAME_RATE_RANGE, dji.keysdk.CameraKey.HISTOGRAM_ENABLED, dji.keysdk.CameraKey.HISTOGRAM_LIGHT_VALUES, dji.keysdk.CameraKey.CAMERA_STORAGE_LOCATION, dji.keysdk.CameraKey.IS_INTERNAL_STORAGE_SUPPORTED, dji.keysdk.CameraKey.IS_COLOR_WAVEFORM_SUPPORTED, dji.keysdk.CameraKey.COLOR_WAVEFORM_ENABLED, dji.keysdk.CameraKey.COLOR_WAVEFORM_DISPLAY_STATE, dji.keysdk.CameraKey.WATERMARK_SETTINGS, dji.keysdk.CameraKey.WATERMARK_DISPLAY_CONTENT_SETTINGS, dji.keysdk.CameraKey.WATERMARK_USER_CUSTOM_INFO, dji.keysdk.CameraKey.AUTO_LOCK_GIMBAL_ENABLED, dji.keysdk.DJIKey.CONNECTION, dji.keysdk.CameraKey.PANO_ORIGINAL_PHOTO_SETTINGS, dji.keysdk.CameraKey.HYPERLAPSE_ORIGINAL_PHOTO_SETTINGS, dji.keysdk.CameraKey.INTERVAL_SHOOT_COUNTDOWN}" />
    </annotation>
  </item>
  <item name="dji.keysdk.CameraKey dji.keysdk.CameraKey create(java.lang.String, int) 0">
    <annotation name="android.support.annotation.StringDef">
      <val name="value" val="{dji.keysdk.CameraKey.DISPLAY_MODE, dji.keysdk.CameraKey.PIP_POSITION, dji.keysdk.CameraKey.DUAL_FEED_VERTICAL_ALALIGNMENT_OFFSET, dji.keysdk.CameraKey.DUAL_FEED_HORIZONT_ALALIGNMENT_OFFSET, dji.keysdk.CameraKey.TEMPERATURE_UNIT, dji.keysdk.CameraKey.MSX_LEVEL, dji.keysdk.CameraKey.START_RECORD_VIDEO_IN_CACHE, dji.keysdk.CameraKey.STOP_RECORD_VIDEO_IN_CACHE, dji.keysdk.CameraKey.MODE, dji.keysdk.CameraKey.HARDWARE_VERSION, dji.keysdk.CameraKey.MODE_RANGE, dji.keysdk.CameraKey.RESOLUTION_FRAME_RATE, dji.keysdk.CameraKey.VIDEO_RESOLUTION_FRAME_RATE_RANGE, dji.keysdk.CameraKey.SSD_VIDEO_RESOLUTION_RANGE, dji.keysdk.CameraKey.VIDEO_FILE_FORMAT, dji.keysdk.CameraKey.VIDEO_STANDARD, dji.keysdk.CameraKey.PHOTO_ASPECT_RATIO, dji.keysdk.CameraKey.PHOTO_FILE_FORMAT, dji.keysdk.CameraKey.PHOTO_BURST_COUNT, dji.keysdk.CameraKey.PHOTO_RAW_BURST_COUNT, dji.keysdk.CameraKey.PHOTO_TIME_INTERVAL_SETTINGS, dji.keysdk.CameraKey.EXPOSURE_MODE, dji.keysdk.CameraKey.EXPOSURE_MODE_RANGE, dji.keysdk.CameraKey.WHITE_BALANCE, dji.keysdk.CameraKey.METERING_MODE, dji.keysdk.CameraKey.ANTI_FLICKER_FREQUENCY, dji.keysdk.CameraKey.SHARPNESS, dji.keysdk.CameraKey.CONTRAST, dji.keysdk.CameraKey.SATURATION, dji.keysdk.CameraKey.PICTURE_STYLE_PRESET, dji.keysdk.CameraKey.SPOT_METERING_TARGET, dji.keysdk.CameraKey.CAMERA_COLOR, dji.keysdk.CameraKey.AE_LOCK, dji.keysdk.CameraKey.AUDIO_RECORDING_ENABLED, dji.keysdk.CameraKey.PHOTO_TIME_LAPSE_SETTINGS, dji.keysdk.CameraKey.APERTURE, dji.keysdk.CameraKey.CAMERA_COLOR_RANGE, dji.keysdk.CameraKey.APERTURE_RANGE, dji.keysdk.CameraKey.SHUTTER_SPEED, dji.keysdk.CameraKey.SHUTTER_SPEED_RANGE, dji.keysdk.CameraKey.ISO, dji.keysdk.CameraKey.ISO_RANGE, dji.keysdk.CameraKey.EXPOSURE_COMPENSATION, dji.keysdk.CameraKey.EXPOSURE_COMPENSATION_RANGE, dji.keysdk.CameraKey.VIDEO_CAPTION_ENABLED, dji.keysdk.CameraKey.FILE_INDEX_MODE, dji.keysdk.CameraKey.FIRMWARE_VERSION, dji.keysdk.CameraKey.AUDIO_GAIN, dji.keysdk.CameraKey.TURN_OFF_FAN_WHEN_POSSIBLE, dji.keysdk.CameraKey.DIGITAL_ZOOM_FACTOR, dji.keysdk.CameraKey.LENS_INFORMATION, dji.keysdk.CameraKey.FOCUS_TARGET, dji.keysdk.CameraKey.FOCUS_RING_VALUE, dji.keysdk.CameraKey.FOCUS_RING_VALUE_UPPER_BOUND, dji.keysdk.CameraKey.DEMARCATE_VALUE, dji.keysdk.CameraKey.OPTICAL_ZOOM_SPEC, dji.keysdk.CameraKey.OPTICAL_ZOOM_FOCAL_LENGTH, dji.keysdk.CameraKey.THERMAL_ROI, dji.keysdk.CameraKey.THERMAL_PALETTE, dji.keysdk.CameraKey.THERMAL_SCENE, dji.keysdk.CameraKey.THERMAL_DDE, dji.keysdk.CameraKey.THERMAL_ACE, dji.keysdk.CameraKey.THERMAL_SSO, dji.keysdk.CameraKey.THERMAL_BRIGHTNESS, dji.keysdk.CameraKey.THERMAL_CONTRAST, dji.keysdk.CameraKey.THERMAL_ISOTHERM_ENABLED, dji.keysdk.CameraKey.THERMAL_ISOTHERM_UNIT, dji.keysdk.CameraKey.THERMAL_ISOTHERM_UPPER_VALUE, dji.keysdk.CameraKey.THERMAL_ISOTHERM_MIDDLE_VALUE, dji.keysdk.CameraKey.THERMAL_ISOTHERM_LOWER_VALUE, dji.keysdk.CameraKey.THERMAL_GAIN_MODE, dji.keysdk.CameraKey.THERMAL_TEMPERATURE_DATA, dji.keysdk.CameraKey.THERMAL_DIGITAL_ZOOM_FACTOR, dji.keysdk.CameraKey.THERMAL_FFC_MODE, dji.keysdk.CameraKey.TRIGGER_THERMAL_FFC, dji.keysdk.CameraKey.THERMAL_METERING_AREA, dji.keysdk.CameraKey.THERMAL_MEASUREMENT_MODE, dji.keysdk.CameraKey.THERMAL_SPOT_METERING_TARGET_POINT, dji.keysdk.CameraKey.THERMAL_AREA_TEMPERATURE_AGGREGATIONS, dji.keysdk.CameraKey.THERMAL_CUSTOM_EXTERNAL_SCENE_SETTINGS_PROFILE, dji.keysdk.CameraKey.THERMAL_ATMOSPHERIC_TEMPERATURE, dji.keysdk.CameraKey.THERMAL_ATMOSPHERIC_TRANSMISSION_COEFFICIENT, dji.keysdk.CameraKey.THERMAL_BACKGROUND_TEMPERATURE, dji.keysdk.CameraKey.THERMAL_SCENE_EMISSIVITY, dji.keysdk.CameraKey.THERMAL_WINDOW_REFLECTION, dji.keysdk.CameraKey.THERMAL_WINDOW_REFLECTED_TEMPERATURE, dji.keysdk.CameraKey.THERMAL_WINDOW_TEMPERATURE, dji.keysdk.CameraKey.THERMAL_WINDOW_TRANSMISSION_COEFFICIENT, dji.keysdk.CameraKey.THERMAL_PROFILE, dji.keysdk.CameraKey.SERIAL_NUMBER, dji.keysdk.CameraKey.DISPLAY_NAME, dji.keysdk.CameraKey.SDCARD_IS_INITIALIZING, dji.keysdk.CameraKey.SDCARD_HAS_ERROR, dji.keysdk.CameraKey.SDCARD_IS_READ_ONLY, dji.keysdk.CameraKey.SDCARD_IS_INVALID_FORMAT, dji.keysdk.CameraKey.SDCARD_IS_FORMATTED, dji.keysdk.CameraKey.SDCARD_IS_FORMATTING, dji.keysdk.CameraKey.SDCARD_IS_FULL, dji.keysdk.CameraKey.SDCARD_IS_VERIFIED, dji.keysdk.CameraKey.SDCARD_IS_INSERTED, dji.keysdk.CameraKey.SDCARD_IS_BUSY, dji.keysdk.CameraKey.SDCARD_IS_SLOW, dji.keysdk.CameraKey.SDCARD_IS_REPAIRING_FILES, dji.keysdk.CameraKey.SDCARD_NEEDS_FORMATTING, dji.keysdk.CameraKey.SDCARD_IS_WRITE_SLOW, dji.keysdk.CameraKey.SDCARD_IS_CONNECTED_TO_PC, dji.keysdk.CameraKey.SDCARD_TOTAL_SPACE_IN_MB, dji.keysdk.CameraKey.SDCARD_REMAINING_SPACE_IN_MB, dji.keysdk.CameraKey.SDCARD_AVAILABLE_CAPTURE_COUNT, dji.keysdk.CameraKey.SDCARD_AVAILABLE_RECORDING_TIME_IN_SECONDS, dji.keysdk.CameraKey.INNERSTORAGE_IS_INITIALIZING, dji.keysdk.CameraKey.INNERSTORAGE_HAS_ERROR, dji.keysdk.CameraKey.INNERSTORAGE_IS_READ_ONLY, dji.keysdk.CameraKey.INNERSTORAGE_IS_INVALID_FORMAT, dji.keysdk.CameraKey.INNERSTORAGE_IS_FORMATTED, dji.keysdk.CameraKey.INNERSTORAGE_IS_FORMATTING, dji.keysdk.CameraKey.INNERSTORAGE_IS_FULL, dji.keysdk.CameraKey.INNERSTORAGE_IS_VERIFIED, dji.keysdk.CameraKey.INNERSTORAGE_IS_INSERTED, dji.keysdk.CameraKey.INNERSTORAGE_IS_BUSY, dji.keysdk.CameraKey.INNERSTORAGE_IS_SLOW, dji.keysdk.CameraKey.INNERSTORAGE_TOTAL_SPACE_IN_MB, dji.keysdk.CameraKey.INNERSTORAGE_REMAINING_SPACE_IN_MB, dji.keysdk.CameraKey.INNERSTORAGE_AVAILABLE_CAPTURE_COUNT, dji.keysdk.CameraKey.INNERSTORAGE_AVAILABLE_RECORDING_TIME_IN_SECONDS, dji.keysdk.CameraKey.FORMAT_INTERNAL_STORAGE, dji.keysdk.CameraKey.EXPOSURE_SETTINGS, dji.keysdk.CameraKey.IS_SHOOTING_SINGLE_PHOTO, dji.keysdk.CameraKey.IS_SHOOTING_INTERVAL_PHOTO, dji.keysdk.CameraKey.IS_SHOOTING_BURST_PHOTO, dji.keysdk.CameraKey.IS_STORING_PHOTO, dji.keysdk.CameraKey.IS_RECORDING, dji.keysdk.CameraKey.IS_OVERHEATING, dji.keysdk.CameraKey.HAS_ERROR, dji.keysdk.CameraKey.IS_SHOOTING_PHOTO_ENABLED, dji.keysdk.CameraKey.CURRENT_VIDEO_RECORDING_TIME_IN_SECONDS, dji.keysdk.CameraKey.IS_AUDIO_RECORDING_SUPPORTED, dji.keysdk.CameraKey.IS_VIDEO_PLAYBACK_SUPPORTED, dji.keysdk.CameraKey.IS_MEDIA_DOWNLOAD_MODE_SUPPORTED, dji.keysdk.CameraKey.IS_TIME_LAPSE_SUPPORTED, dji.keysdk.CameraKey.IS_DIGITAL_ZOOM_SUPPORTED, dji.keysdk.CameraKey.IS_AFC_SUPPORTED, dji.keysdk.CameraKey.PHOTO_AEB_COUNT, dji.keysdk.CameraKey.IS_PHOTO_QUICK_VIEW_SUPPORTED, dji.keysdk.CameraKey.IS_INTERCHANGEABLE_LENS_SUPPORTED, dji.keysdk.CameraKey.IS_ADJUSTABLE_APERTURE_SUPPORTED, dji.keysdk.CameraKey.IS_ADJUSTABLE_FOCAL_POINT_SUPPORTED, dji.keysdk.CameraKey.IS_METERING_MODE_SUPPORTED, dji.keysdk.CameraKey.IS_SSD_SUPPORTED, dji.keysdk.CameraKey.IS_OPTICAL_ZOOM_SUPPORTED, dji.keysdk.CameraKey.IS_THERMAL_CAMERA, dji.keysdk.CameraKey.LENS_IS_INSTALLED, dji.keysdk.CameraKey.LENS_IS_AF_SWITCH_ON, dji.keysdk.CameraKey.FOCUS_STATUS, dji.keysdk.CameraKey.FOCUS_MODE, dji.keysdk.CameraKey.LENS_IS_FOCUS_ASSISTANT_WORKING, dji.keysdk.CameraKey.FOCUS_ASSISTANT_SETTINGS, dji.keysdk.CameraKey.RAW_PHOTO_BURST_COUNT, dji.keysdk.CameraKey.SSD_OPERATION_STATE, dji.keysdk.CameraKey.SSD_VIDEO_LICENSES, dji.keysdk.CameraKey.SSD_IS_CONNECTED, dji.keysdk.CameraKey.SSD_TOTAL_SPACE, dji.keysdk.CameraKey.SSD_AVAILABLE_RECORDING_TIME_IN_SECONDS, dji.keysdk.CameraKey.SSD_REMAINING_SPACE_IN_MB, dji.keysdk.CameraKey.SSD_VIDEO_RESOLUTION_AND_FRAME_RATE, dji.keysdk.CameraKey.SSD_LEGACY_COLOR, dji.keysdk.CameraKey.HD_LIVE_VIEW_ENABLED, dji.keysdk.CameraKey.LED_AUTO_TURN_OFF_ENABLED, dji.keysdk.CameraKey.LEDS_AUTO_TURN_OFF_ENABLED_SETTINGS, dji.keysdk.CameraKey.AUTO_AE_UNLOCK_ENABLED, dji.keysdk.CameraKey.VIDEO_FILE_COMPRESSION_STANDARD, dji.keysdk.CameraKey.START_SHOOT_PHOTO, dji.keysdk.CameraKey.STOP_SHOOT_PHOTO, dji.keysdk.CameraKey.START_RECORD_VIDEO, dji.keysdk.CameraKey.STOP_RECORD_VIDEO, dji.keysdk.CameraKey.RESTORE_FACTORY_SETTINGS, dji.keysdk.CameraKey.FORMAT_SD_CARD, dji.keysdk.CameraKey.FORMAT_INTERNAL_STORAGE, dji.keysdk.CameraKey.SAVE_SETTINGS_TO_PROFILE, dji.keysdk.CameraKey.LOAD_SETTINGS_FROM_PROFILE, dji.keysdk.CameraKey.FORMAT_SSD, dji.keysdk.CameraKey.START_CONTINUOUS_OPTICAL_ZOOM, dji.keysdk.CameraKey.STOP_CONTINUOUS_OPTICAL_ZOOM, dji.keysdk.CameraKey.IS_SHOOTING_PHOTO, dji.keysdk.CameraKey.SHOOT_PHOTO_MODE, dji.keysdk.CameraKey.SHOOT_PHOTO_MODE_RANGE, dji.keysdk.CameraKey.SHOOT_PHOTO_MODE_CHILD_RANGE, dji.keysdk.CameraKey.PHOTO_FILE_FORMAT_RANGE, dji.keysdk.CameraKey.WHITE_BALANCE_PRESENT_RANGE, dji.keysdk.CameraKey.WHITE_BALANCE_CUSTOM_COLOR_TEMPERATURE_RANGE, dji.keysdk.CameraKey.PHOTO_ASPECT_RATIO_RANGE, dji.keysdk.CameraKey.VIDEO_FILE_FORMAT_RANGE, dji.keysdk.CameraKey.ANTI_FLICKER_RANGE, dji.keysdk.CameraKey.VIDEO_STANDARD_RANGE, dji.keysdk.CameraKey.VIDEO_COMPRESSION_STANDARD_RANGE, dji.keysdk.CameraKey.ORIENTATION_RANGE, dji.keysdk.CameraKey.PANO_ORIGINAL_IMAGES_FORMAT_RANGE, dji.keysdk.CameraKey.HYPERLAPSE_ORIGINAL_IMAGES_FORMAT_RANGE, dji.keysdk.CameraKey.IS_VIDEO_PLAYBACK_SUPPORTED, dji.keysdk.CameraKey.IS_PLAYBACK_SUPPORTED, dji.keysdk.CameraKey.TAP_ZOOM_ENABLED, dji.keysdk.CameraKey.TAP_ZOOM_AT_TARGET, dji.keysdk.CameraKey.TAP_ZOOM_MULTIPLIER, dji.keysdk.CameraKey.DEFOG_ENABLED, dji.keysdk.CameraKey.OPTICAL_ZOOM_SCALE, dji.keysdk.CameraKey.CUSTOM_INFORMATION, dji.keysdk.CameraKey.PHOTO_QUICK_VIEW_DURATION, dji.keysdk.CameraKey.THERMAL_IS_FFC_MODE_SUPPORTED, dji.keysdk.CameraKey.IS_SHOOTING_SINGLE_PHOTO_IN_RAW_FORMAT, dji.keysdk.CameraKey.IS_SHOOTING_RAW_BURST_PHOTO, dji.keysdk.CameraKey.IS_OPTICAL_ZOOM_SUPPORTED, dji.keysdk.CameraKey.ORIENTATION, dji.keysdk.CameraKey.SSD_VIDEO_RECORDING_ENABLED, dji.keysdk.CameraKey.ACTIVATE_SSD_VIDEO_LICENSE, dji.keysdk.CameraKey.CAMERA_TYPE, dji.keysdk.CameraKey.RECORDING_STATE, dji.keysdk.CameraKey.VISION_STABILIZATION_ENABLED, dji.keysdk.CameraKey.IS_SHOOTING_SHALLOW_FOCUS_PHOTO, dji.keysdk.CameraKey.IS_SHOOTING_PANORAMA_PHOTO, dji.keysdk.CameraKey.PSEUDO_CAMERA_CAPTURE_PROGRESS, dji.keysdk.CameraKey.PHOTO_PANORAMA_MODE, dji.keysdk.CameraKey.VISION_STABILIZATION_STATE, dji.keysdk.CameraKey.IRC_ENABLE, dji.keysdk.CameraKey.DEWARPING_ENABLED, dji.keysdk.CameraKey.IS_DEWARPING_SUPPORTED, dji.keysdk.CameraKey.IS_SENSOR_CLEANING_SUPPORTED, dji.keysdk.CameraKey.SENSOR_CLEANING_STATE, dji.keysdk.CameraKey.INIT_SENSOR_CLEANING_MODE, dji.keysdk.CameraKey.EXIT_SENSOR_CLEANING_MODE, dji.keysdk.CameraKey.START_SENSOR_CLEANING, dji.keysdk.CameraKey.IS_EI_MODE_SUPPORTED, dji.keysdk.CameraKey.EXPOSURE_SENSITIVITY_MODE, dji.keysdk.CameraKey.EI_VALUE, dji.keysdk.CameraKey.RECOMMENDED_EI_VALUE, dji.keysdk.CameraKey.EI_VALUE_RANGE, dji.keysdk.CameraKey.EI_COLOR, dji.keysdk.CameraKey.EXPOSURE_STATE, dji.keysdk.CameraKey.IS_MECHANICAL_SHUTTER_SUPPORTED, dji.keysdk.CameraKey.MECHANICAL_SHUTTER_ENABLED, dji.keysdk.CameraKey.IS_ND_FILTER_MODE_SUPPORTED, dji.keysdk.CameraKey.NDFILTER_MODE, dji.keysdk.CameraKey.SSD_CLIP_FILE_NAME, dji.keysdk.CameraKey.SSD_COLOR, dji.keysdk.CameraKey.SSD_COLOR_RANGE, dji.keysdk.CameraKey.SSD_VIDEO_RESOLUTION_FRAME_RATE_RANGE, dji.keysdk.CameraKey.HISTOGRAM_ENABLED, dji.keysdk.CameraKey.HISTOGRAM_LIGHT_VALUES, dji.keysdk.CameraKey.CAMERA_STORAGE_LOCATION, dji.keysdk.CameraKey.IS_INTERNAL_STORAGE_SUPPORTED, dji.keysdk.CameraKey.IS_COLOR_WAVEFORM_SUPPORTED, dji.keysdk.CameraKey.COLOR_WAVEFORM_ENABLED, dji.keysdk.CameraKey.COLOR_WAVEFORM_DISPLAY_STATE, dji.keysdk.CameraKey.WATERMARK_SETTINGS, dji.keysdk.CameraKey.WATERMARK_DISPLAY_CONTENT_SETTINGS, dji.keysdk.CameraKey.WATERMARK_USER_CUSTOM_INFO, dji.keysdk.CameraKey.AUTO_LOCK_GIMBAL_ENABLED, dji.keysdk.DJIKey.CONNECTION, dji.keysdk.CameraKey.PANO_ORIGINAL_PHOTO_SETTINGS, dji.keysdk.CameraKey.HYPERLAPSE_ORIGINAL_PHOTO_SETTINGS, dji.keysdk.CameraKey.INTERVAL_SHOOT_COUNTDOWN}" />
    </annotation>
  </item>
  <item name="dji.keysdk.FlightControllerKey dji.keysdk.FlightControllerKey create(java.lang.String) 0">
    <annotation name="android.support.annotation.StringDef">
      <val name="value" val="{dji.keysdk.FlightControllerKey.TAKEOFF_LOCATION_ALTITUDE, dji.keysdk.FlightControllerKey.IS_LANDING, dji.keysdk.FlightControllerKey.GO_HOME_ASSESSMENT, dji.keysdk.FlightControllerKey.SUBCOMPONENT_IMU_KEY, dji.keysdk.FlightControllerKey.SERIAL_NUMBER, dji.keysdk.FlightControllerKey.IMU_COUNT, dji.keysdk.FlightControllerKey.COMPASS_COUNT, dji.keysdk.FlightControllerKey.IS_ON_BOARD_SDK_AVAILABLE, dji.keysdk.FlightControllerKey.REDUNDANCY_SENSOR_USED_STATE, dji.keysdk.FlightControllerKey.REDUNDANCY_IMU_STATUS, dji.keysdk.FlightControllerKey.IS_FLIGHT_ASSISTANT_SUPPORTED, dji.keysdk.FlightControllerKey.ACCESS_LOCKER_SUPPORTED, dji.keysdk.FlightControllerKey.FLY_ZONE_LIMITATION_ENABLED, dji.keysdk.FlightControllerKey.HOME_LOCATION, dji.keysdk.FlightControllerKey.GO_HOME_HEIGHT_IN_METERS, dji.keysdk.FlightControllerKey.LOW_BATTERY_WARNING_THRESHOLD, dji.keysdk.FlightControllerKey.SERIOUS_LOW_BATTERY_WARNING_THRESHOLD, dji.keysdk.FlightControllerKey.AIRCRAFT_NAME, dji.keysdk.FlightControllerKey.LEDS_ENABLED_SETTINGS, dji.keysdk.FlightControllerKey.HOTPOINT_MAX_ACCELERATION, dji.keysdk.FlightControllerKey.HOTPOINT_MIN_RADIUS, dji.keysdk.FlightControllerKey.MAX_FLIGHT_HEIGHT, dji.keysdk.FlightControllerKey.MAX_FLIGHT_HEIGHT_RANGE, dji.keysdk.FlightControllerKey.MAX_FLIGHT_RADIUS, dji.keysdk.FlightControllerKey.MAX_FLIGHT_RADIUS_ENABLED, dji.keysdk.FlightControllerKey.MAX_FLIGHT_RADIUS_RANGE, dji.keysdk.FlightControllerKey.COMPASS_HEADING, dji.keysdk.FlightControllerKey.COMPASS_HAS_ERROR, dji.keysdk.FlightControllerKey.COMPASS_IS_CALIBRATING, dji.keysdk.FlightControllerKey.COMPASS_CALIBRATION_STATUS, dji.keysdk.FlightControllerKey.COMPASS_STATE, dji.keysdk.FlightControllerKey.IS_LANDING_GEAR_MOVABLE, dji.keysdk.FlightControllerKey.SATELLITE_COUNT, dji.keysdk.FlightControllerKey.AIRCRAFT_LOCATION_LATITUDE, dji.keysdk.FlightControllerKey.AIRCRAFT_LOCATION_LONGITUDE, dji.keysdk.FlightControllerKey.AIRCRAFT_LOCATION, dji.keysdk.FlightControllerKey.VELOCITY_X, dji.keysdk.FlightControllerKey.VELOCITY_Y, dji.keysdk.FlightControllerKey.VELOCITY_Z, dji.keysdk.FlightControllerKey.ALTITUDE, dji.keysdk.FlightControllerKey.ATTITUDE_PITCH, dji.keysdk.FlightControllerKey.ATTITUDE_ROLL, dji.keysdk.FlightControllerKey.ATTITUDE_YAW, dji.keysdk.FlightControllerKey.BATTERY_THRESHOLD_BEHAVIOR, dji.keysdk.FlightControllerKey.IS_FLYING, dji.keysdk.FlightControllerKey.IS_LANDING, dji.keysdk.FlightControllerKey.FLIGHT_MODE_STRING, dji.keysdk.FlightControllerKey.GPS_SIGNAL_LEVEL, dji.keysdk.FlightControllerKey.IS_FAIL_SAFE, dji.keysdk.FlightControllerKey.IS_IMU_PREHEATING, dji.keysdk.FlightControllerKey.IS_ULTRASONIC_BEING_USED, dji.keysdk.FlightControllerKey.ULTRASONIC_HEIGHT_IN_METERS, dji.keysdk.FlightControllerKey.IS_VISION_POSITIONING_SENSOR_BEING_USED, dji.keysdk.FlightControllerKey.ARE_MOTOR_ON, dji.keysdk.FlightControllerKey.HOME_LOCATION_LATITUDE, dji.keysdk.FlightControllerKey.HOME_LOCATION_LONGITUDE, dji.keysdk.FlightControllerKey.REMAINING_FLIGHT_TIME, dji.keysdk.FlightControllerKey.TIME_NEEDED_TO_GO_HOME, dji.keysdk.FlightControllerKey.TIME_NEEDED_TO_LAND_FROM_CURRENT_HEIGHT, dji.keysdk.FlightControllerKey.BATTERY_PERCENTAGE_NEEDED_TO_GO_HOME, dji.keysdk.FlightControllerKey.MAX_RADIUS_AIRCRAFT_CAN_FLY_AND_GO_HOME, dji.keysdk.FlightControllerKey.AIRCRAFT_SHOULD_GO_HOME, dji.keysdk.FlightControllerKey.AIRCRAFT_GO_HOME_COUNT_DOWN, dji.keysdk.FlightControllerKey.ULTRASONIC_ERROR, dji.keysdk.FlightControllerKey.FLY_TIME_IN_SECONDS, dji.keysdk.FlightControllerKey.GO_HOME_STATUS, dji.keysdk.FlightControllerKey.IS_GOING_HOME, dji.keysdk.FlightControllerKey.IS_HOME_LOCATION_SET, dji.keysdk.FlightControllerKey.HOME_POINT_ALTITUDE, dji.keysdk.FlightControllerKey.ORIENTATION_MODE, dji.keysdk.FlightControllerKey.FLIGHT_WIND_WARNING, dji.keysdk.FlightControllerKey.MULTI_MODE_OPEN, dji.keysdk.FlightControllerKey.IS_RTK_SUPPORTED, dji.keysdk.FlightControllerKey.RTK_IS_CONNECTED, dji.keysdk.FlightControllerKey.RTK_STATE, dji.keysdk.FlightControllerKey.RTK_ENABLED, dji.keysdk.FlightControllerKey.RTK_FUSION_MOBILE_ALTITUDE, dji.keysdk.FlightControllerKey.RTK_FUSION_MOBILE_HEADING, dji.keysdk.FlightControllerKey.RTK_FUSION_MOBILE_LOCATION, dji.keysdk.FlightControllerKey.IS_RTK_FUSION_DATA_USABLE, dji.keysdk.FlightControllerKey.FLIGHT_MODE, dji.keysdk.FlightControllerKey.FLIGHT_ACTION, dji.keysdk.FlightControllerKey.CONTROL_MODE, dji.keysdk.FlightControllerKey.IS_SIMULATOR_ACTIVE, dji.keysdk.FlightControllerKey.SIMULATOR_STATE, dji.keysdk.FlightControllerKey.HAS_REACHED_MAX_FLIGHT_HEIGHT, dji.keysdk.FlightControllerKey.HAS_REACHED_MAX_FLIGHT_RADIUS, dji.keysdk.FlightControllerKey.NOVICE_MODE_ENABLED, dji.keysdk.FlightControllerKey.LANDING_GEAR_STATUS, dji.keysdk.FlightControllerKey.LANDING_GEAR_MODE, dji.keysdk.FlightControllerKey.HOME_LOCATION_USING_CURRENT_AIRCRAFT_LOCATION, dji.keysdk.FlightControllerKey.TAKE_OFF, dji.keysdk.FlightControllerKey.CANCEL_TAKE_OFF, dji.keysdk.FlightControllerKey.START_LANDING, dji.keysdk.FlightControllerKey.CANCEL_LANDING, dji.keysdk.FlightControllerKey.TURN_ON_MOTORS, dji.keysdk.FlightControllerKey.TURN_OFF_MOTORS, dji.keysdk.FlightControllerKey.START_GO_HOME, dji.keysdk.FlightControllerKey.CANCEL_GO_HOME, dji.keysdk.FlightControllerKey.LOCK_COURSE_USING_CURRENT_HEADING, dji.keysdk.FlightControllerKey.START_IMU_CALIBRATION, dji.keysdk.FlightControllerKey.START_IMU_CALIBRATION_WITH_ID, dji.keysdk.FlightControllerKey.SEND_DATA_TO_ON_BOARD_SDK_DEVICE, dji.keysdk.FlightControllerKey.IS_VIRTUAL_STICK_CONTROL_MODE_AVAILABLE, dji.keysdk.FlightControllerKey.SEND_VIRTUAL_STICK_FLIGHT_CONTROL_DATA, dji.keysdk.FlightControllerKey.LANDING_GEAR_AUTOMATIC_MOVEMENT_ENABLED, dji.keysdk.FlightControllerKey.LANDING_GEAR_HIDE_ENABLED, dji.keysdk.FlightControllerKey.EXIT_TRANSPORT_MODE, dji.keysdk.FlightControllerKey.ENTER_TRANSPORT_MODE, dji.keysdk.FlightControllerKey.RETRACT_LANDING_GEAR, dji.keysdk.FlightControllerKey.DEPLOY_LANDING_GEAR, dji.keysdk.FlightControllerKey.START_SIMULATOR, dji.keysdk.FlightControllerKey.STOP_SIMULATOR, dji.keysdk.FlightControllerKey.VIRTUAL_STICK_CONTROL_MODE_ENABLED, dji.keysdk.FlightControllerKey.COMPASS_START_CALIBRATION, dji.keysdk.FlightControllerKey.COMPASS_STOP_CALIBRATION, dji.keysdk.FlightControllerKey.CONFIRM_LANDING, dji.keysdk.FlightControllerKey.IS_LANDING_CONFIRMATION_NEEDED, dji.keysdk.FlightControllerKey.IS_IN_LANDING_MODE, dji.keysdk.FlightControllerKey.FORCE_LANDING_HEIGHT, dji.keysdk.FlightControllerKey.IMU_STATE, dji.keysdk.FlightControllerKey.TERRAIN_FOLLOW_MODE_ENABLED, dji.keysdk.FlightControllerKey.CURRENT_LAND_IMMEDIATELY_BATTERY, dji.keysdk.FlightControllerKey.TRIPOD_MODE_ENABLED, dji.keysdk.FlightControllerKey.CINEMATIC_MODE_ENABLED, dji.keysdk.FlightControllerKey.QUICK_SPIN_ENABLED, dji.keysdk.FlightControllerKey.CONNECTION_FAIL_SAFE_BEHAVIOR, dji.keysdk.FlightControllerKey.CONTROL_GIMBAL_BEHAVIOR, dji.keysdk.FlightControllerKey.ENABLE_1860, dji.keysdk.FlightControllerKey.URGENT_STOP_MOTOR_MODE, dji.keysdk.FlightControllerKey.BINDING_STATE, dji.keysdk.FlightControllerKey.RESET_MOTOR, dji.keysdk.FlightControllerKey.AIR_SENSE_SYSTEM_CONNECTED, dji.keysdk.FlightControllerKey.AIR_SENSE_SYSTEM_WARNING_LEVEL, dji.keysdk.FlightControllerKey.AIR_SENSE_AIRPLANE_STATES, dji.keysdk.FlightControllerKey.IS_LOWER_THAN_BATTERY_WARNING_THRESHOLD, dji.keysdk.FlightControllerKey.IS_LOWER_THAN_SERIOUS_BATTERY_WARNING_THRESHOLD, dji.keysdk.FlightControllerKey.SMART_RETURN_TO_HOME_ENABLED, dji.keysdk.FlightControllerKey.CONFIRM_SMART_RETURN_TO_HOME_REQUEST, dji.keysdk.FlightControllerKey.CURRENT_MODE, dji.keysdk.FlightControllerKey.SET_DATA_UPGRADE_SELF, dji.keysdk.FlightControllerKey.UPGRADE_VOICE_OPEN, dji.keysdk.FlightControllerKey.FORCE_LANDING_AFTER_FLAT_MODE, dji.keysdk.FlightControllerKey.IOSTATE_0, dji.keysdk.FlightControllerKey.IOSTATE_1, dji.keysdk.FlightControllerKey.IOSTATE_2, dji.keysdk.FlightControllerKey.IOSTATE_3, dji.keysdk.FlightControllerKey.IOSTATE_4, dji.keysdk.FlightControllerKey.ESC_BEEPING_ENABLED, dji.keysdk.FlightControllerKey.CINEMATIC_BRAKE_SENSITIVITY, dji.keysdk.FlightControllerKey.CINEMATIC_YAW_SPEED, dji.keysdk.FlightControllerKey.CINEMATIC_BRAKE_SENSITIVITY_RANGE, dji.keysdk.FlightControllerKey.CINEMATIC_YAW_SPEED_RANGE, dji.keysdk.FlightControllerKey.RC_MODE_CHANNEL, dji.keysdk.DJIKey.FIRMWARE_VERSION, dji.keysdk.FlightControllerKey.IS_REBOOT_IN_S_MODE, dji.keysdk.FlightControllerKey.IS_SYSTEM_UPGRADE_ABNORMAL, dji.keysdk.FlightControllerKey.MOTOR_START_FAILED_STATE, dji.keysdk.FlightControllerKey.HOME_POINT_STATE}" />
    </annotation>
  </item>
  <item name="dji.keysdk.FlightControllerKey dji.keysdk.FlightControllerKey create(java.lang.String, int) 0">
    <annotation name="android.support.annotation.StringDef">
      <val name="value" val="{dji.keysdk.FlightControllerKey.TAKEOFF_LOCATION_ALTITUDE, dji.keysdk.FlightControllerKey.IS_LANDING, dji.keysdk.FlightControllerKey.GO_HOME_ASSESSMENT, dji.keysdk.FlightControllerKey.SUBCOMPONENT_IMU_KEY, dji.keysdk.FlightControllerKey.SERIAL_NUMBER, dji.keysdk.FlightControllerKey.IMU_COUNT, dji.keysdk.FlightControllerKey.COMPASS_COUNT, dji.keysdk.FlightControllerKey.IS_ON_BOARD_SDK_AVAILABLE, dji.keysdk.FlightControllerKey.REDUNDANCY_SENSOR_USED_STATE, dji.keysdk.FlightControllerKey.REDUNDANCY_IMU_STATUS, dji.keysdk.FlightControllerKey.IS_FLIGHT_ASSISTANT_SUPPORTED, dji.keysdk.FlightControllerKey.ACCESS_LOCKER_SUPPORTED, dji.keysdk.FlightControllerKey.FLY_ZONE_LIMITATION_ENABLED, dji.keysdk.FlightControllerKey.HOME_LOCATION, dji.keysdk.FlightControllerKey.GO_HOME_HEIGHT_IN_METERS, dji.keysdk.FlightControllerKey.LOW_BATTERY_WARNING_THRESHOLD, dji.keysdk.FlightControllerKey.SERIOUS_LOW_BATTERY_WARNING_THRESHOLD, dji.keysdk.FlightControllerKey.AIRCRAFT_NAME, dji.keysdk.FlightControllerKey.LEDS_ENABLED_SETTINGS, dji.keysdk.FlightControllerKey.HOTPOINT_MAX_ACCELERATION, dji.keysdk.FlightControllerKey.HOTPOINT_MIN_RADIUS, dji.keysdk.FlightControllerKey.MAX_FLIGHT_HEIGHT, dji.keysdk.FlightControllerKey.MAX_FLIGHT_HEIGHT_RANGE, dji.keysdk.FlightControllerKey.MAX_FLIGHT_RADIUS, dji.keysdk.FlightControllerKey.MAX_FLIGHT_RADIUS_ENABLED, dji.keysdk.FlightControllerKey.MAX_FLIGHT_RADIUS_RANGE, dji.keysdk.FlightControllerKey.COMPASS_HEADING, dji.keysdk.FlightControllerKey.COMPASS_HAS_ERROR, dji.keysdk.FlightControllerKey.COMPASS_IS_CALIBRATING, dji.keysdk.FlightControllerKey.COMPASS_CALIBRATION_STATUS, dji.keysdk.FlightControllerKey.COMPASS_STATE, dji.keysdk.FlightControllerKey.IS_LANDING_GEAR_MOVABLE, dji.keysdk.FlightControllerKey.SATELLITE_COUNT, dji.keysdk.FlightControllerKey.AIRCRAFT_LOCATION_LATITUDE, dji.keysdk.FlightControllerKey.AIRCRAFT_LOCATION_LONGITUDE, dji.keysdk.FlightControllerKey.AIRCRAFT_LOCATION, dji.keysdk.FlightControllerKey.VELOCITY_X, dji.keysdk.FlightControllerKey.VELOCITY_Y, dji.keysdk.FlightControllerKey.VELOCITY_Z, dji.keysdk.FlightControllerKey.ALTITUDE, dji.keysdk.FlightControllerKey.ATTITUDE_PITCH, dji.keysdk.FlightControllerKey.ATTITUDE_ROLL, dji.keysdk.FlightControllerKey.ATTITUDE_YAW, dji.keysdk.FlightControllerKey.BATTERY_THRESHOLD_BEHAVIOR, dji.keysdk.FlightControllerKey.IS_FLYING, dji.keysdk.FlightControllerKey.IS_LANDING, dji.keysdk.FlightControllerKey.FLIGHT_MODE_STRING, dji.keysdk.FlightControllerKey.GPS_SIGNAL_LEVEL, dji.keysdk.FlightControllerKey.IS_FAIL_SAFE, dji.keysdk.FlightControllerKey.IS_IMU_PREHEATING, dji.keysdk.FlightControllerKey.IS_ULTRASONIC_BEING_USED, dji.keysdk.FlightControllerKey.ULTRASONIC_HEIGHT_IN_METERS, dji.keysdk.FlightControllerKey.IS_VISION_POSITIONING_SENSOR_BEING_USED, dji.keysdk.FlightControllerKey.ARE_MOTOR_ON, dji.keysdk.FlightControllerKey.HOME_LOCATION_LATITUDE, dji.keysdk.FlightControllerKey.HOME_LOCATION_LONGITUDE, dji.keysdk.FlightControllerKey.REMAINING_FLIGHT_TIME, dji.keysdk.FlightControllerKey.TIME_NEEDED_TO_GO_HOME, dji.keysdk.FlightControllerKey.TIME_NEEDED_TO_LAND_FROM_CURRENT_HEIGHT, dji.keysdk.FlightControllerKey.BATTERY_PERCENTAGE_NEEDED_TO_GO_HOME, dji.keysdk.FlightControllerKey.MAX_RADIUS_AIRCRAFT_CAN_FLY_AND_GO_HOME, dji.keysdk.FlightControllerKey.AIRCRAFT_SHOULD_GO_HOME, dji.keysdk.FlightControllerKey.AIRCRAFT_GO_HOME_COUNT_DOWN, dji.keysdk.FlightControllerKey.ULTRASONIC_ERROR, dji.keysdk.FlightControllerKey.FLY_TIME_IN_SECONDS, dji.keysdk.FlightControllerKey.GO_HOME_STATUS, dji.keysdk.FlightControllerKey.IS_GOING_HOME, dji.keysdk.FlightControllerKey.IS_HOME_LOCATION_SET, dji.keysdk.FlightControllerKey.HOME_POINT_ALTITUDE, dji.keysdk.FlightControllerKey.ORIENTATION_MODE, dji.keysdk.FlightControllerKey.FLIGHT_WIND_WARNING, dji.keysdk.FlightControllerKey.MULTI_MODE_OPEN, dji.keysdk.FlightControllerKey.IS_RTK_SUPPORTED, dji.keysdk.FlightControllerKey.RTK_IS_CONNECTED, dji.keysdk.FlightControllerKey.RTK_STATE, dji.keysdk.FlightControllerKey.RTK_ENABLED, dji.keysdk.FlightControllerKey.RTK_FUSION_MOBILE_ALTITUDE, dji.keysdk.FlightControllerKey.RTK_FUSION_MOBILE_HEADING, dji.keysdk.FlightControllerKey.RTK_FUSION_MOBILE_LOCATION, dji.keysdk.FlightControllerKey.IS_RTK_FUSION_DATA_USABLE, dji.keysdk.FlightControllerKey.FLIGHT_MODE, dji.keysdk.FlightControllerKey.FLIGHT_ACTION, dji.keysdk.FlightControllerKey.CONTROL_MODE, dji.keysdk.FlightControllerKey.IS_SIMULATOR_ACTIVE, dji.keysdk.FlightControllerKey.SIMULATOR_STATE, dji.keysdk.FlightControllerKey.HAS_REACHED_MAX_FLIGHT_HEIGHT, dji.keysdk.FlightControllerKey.HAS_REACHED_MAX_FLIGHT_RADIUS, dji.keysdk.FlightControllerKey.NOVICE_MODE_ENABLED, dji.keysdk.FlightControllerKey.LANDING_GEAR_STATUS, dji.keysdk.FlightControllerKey.LANDING_GEAR_MODE, dji.keysdk.FlightControllerKey.HOME_LOCATION_USING_CURRENT_AIRCRAFT_LOCATION, dji.keysdk.FlightControllerKey.TAKE_OFF, dji.keysdk.FlightControllerKey.CANCEL_TAKE_OFF, dji.keysdk.FlightControllerKey.START_LANDING, dji.keysdk.FlightControllerKey.CANCEL_LANDING, dji.keysdk.FlightControllerKey.TURN_ON_MOTORS, dji.keysdk.FlightControllerKey.TURN_OFF_MOTORS, dji.keysdk.FlightControllerKey.START_GO_HOME, dji.keysdk.FlightControllerKey.CANCEL_GO_HOME, dji.keysdk.FlightControllerKey.LOCK_COURSE_USING_CURRENT_HEADING, dji.keysdk.FlightControllerKey.START_IMU_CALIBRATION, dji.keysdk.FlightControllerKey.START_IMU_CALIBRATION_WITH_ID, dji.keysdk.FlightControllerKey.SEND_DATA_TO_ON_BOARD_SDK_DEVICE, dji.keysdk.FlightControllerKey.IS_VIRTUAL_STICK_CONTROL_MODE_AVAILABLE, dji.keysdk.FlightControllerKey.SEND_VIRTUAL_STICK_FLIGHT_CONTROL_DATA, dji.keysdk.FlightControllerKey.LANDING_GEAR_AUTOMATIC_MOVEMENT_ENABLED, dji.keysdk.FlightControllerKey.LANDING_GEAR_HIDE_ENABLED, dji.keysdk.FlightControllerKey.EXIT_TRANSPORT_MODE, dji.keysdk.FlightControllerKey.ENTER_TRANSPORT_MODE, dji.keysdk.FlightControllerKey.RETRACT_LANDING_GEAR, dji.keysdk.FlightControllerKey.DEPLOY_LANDING_GEAR, dji.keysdk.FlightControllerKey.START_SIMULATOR, dji.keysdk.FlightControllerKey.STOP_SIMULATOR, dji.keysdk.FlightControllerKey.VIRTUAL_STICK_CONTROL_MODE_ENABLED, dji.keysdk.FlightControllerKey.COMPASS_START_CALIBRATION, dji.keysdk.FlightControllerKey.COMPASS_STOP_CALIBRATION, dji.keysdk.FlightControllerKey.CONFIRM_LANDING, dji.keysdk.FlightControllerKey.IS_LANDING_CONFIRMATION_NEEDED, dji.keysdk.FlightControllerKey.IS_IN_LANDING_MODE, dji.keysdk.FlightControllerKey.FORCE_LANDING_HEIGHT, dji.keysdk.FlightControllerKey.IMU_STATE, dji.keysdk.FlightControllerKey.TERRAIN_FOLLOW_MODE_ENABLED, dji.keysdk.FlightControllerKey.CURRENT_LAND_IMMEDIATELY_BATTERY, dji.keysdk.FlightControllerKey.TRIPOD_MODE_ENABLED, dji.keysdk.FlightControllerKey.CINEMATIC_MODE_ENABLED, dji.keysdk.FlightControllerKey.QUICK_SPIN_ENABLED, dji.keysdk.FlightControllerKey.CONNECTION_FAIL_SAFE_BEHAVIOR, dji.keysdk.FlightControllerKey.CONTROL_GIMBAL_BEHAVIOR, dji.keysdk.FlightControllerKey.ENABLE_1860, dji.keysdk.FlightControllerKey.URGENT_STOP_MOTOR_MODE, dji.keysdk.FlightControllerKey.BINDING_STATE, dji.keysdk.FlightControllerKey.RESET_MOTOR, dji.keysdk.FlightControllerKey.AIR_SENSE_SYSTEM_CONNECTED, dji.keysdk.FlightControllerKey.AIR_SENSE_SYSTEM_WARNING_LEVEL, dji.keysdk.FlightControllerKey.AIR_SENSE_AIRPLANE_STATES, dji.keysdk.FlightControllerKey.IS_LOWER_THAN_BATTERY_WARNING_THRESHOLD, dji.keysdk.FlightControllerKey.IS_LOWER_THAN_SERIOUS_BATTERY_WARNING_THRESHOLD, dji.keysdk.FlightControllerKey.SMART_RETURN_TO_HOME_ENABLED, dji.keysdk.FlightControllerKey.CONFIRM_SMART_RETURN_TO_HOME_REQUEST, dji.keysdk.FlightControllerKey.CURRENT_MODE, dji.keysdk.FlightControllerKey.SET_DATA_UPGRADE_SELF, dji.keysdk.FlightControllerKey.UPGRADE_VOICE_OPEN, dji.keysdk.FlightControllerKey.FORCE_LANDING_AFTER_FLAT_MODE, dji.keysdk.FlightControllerKey.IOSTATE_0, dji.keysdk.FlightControllerKey.IOSTATE_1, dji.keysdk.FlightControllerKey.IOSTATE_2, dji.keysdk.FlightControllerKey.IOSTATE_3, dji.keysdk.FlightControllerKey.IOSTATE_4, dji.keysdk.FlightControllerKey.ESC_BEEPING_ENABLED, dji.keysdk.FlightControllerKey.CINEMATIC_BRAKE_SENSITIVITY, dji.keysdk.FlightControllerKey.CINEMATIC_YAW_SPEED, dji.keysdk.FlightControllerKey.CINEMATIC_BRAKE_SENSITIVITY_RANGE, dji.keysdk.FlightControllerKey.CINEMATIC_YAW_SPEED_RANGE, dji.keysdk.FlightControllerKey.RC_MODE_CHANNEL, dji.keysdk.DJIKey.FIRMWARE_VERSION, dji.keysdk.FlightControllerKey.IS_REBOOT_IN_S_MODE, dji.keysdk.FlightControllerKey.IS_SYSTEM_UPGRADE_ABNORMAL, dji.keysdk.FlightControllerKey.MOTOR_START_FAILED_STATE, dji.keysdk.FlightControllerKey.HOME_POINT_STATE}" />
    </annotation>
  </item>
  <item name="dji.keysdk.FlightControllerKey dji.keysdk.FlightControllerKey createAccessLockerKey(java.lang.String) 0">
    <annotation name="android.support.annotation.StringDef">
      <val name="value" val="{dji.keysdk.FlightControllerKey.RESET_USER_ACCOUNT, dji.keysdk.FlightControllerKey.MODIFY_USER_ACCOUNT, dji.keysdk.FlightControllerKey.ACCESS_LOCKER_USERNAME, dji.keysdk.FlightControllerKey.SET_UP_USER, dji.keysdk.FlightControllerKey.FORMAT, dji.keysdk.FlightControllerKey.LOGIN, dji.keysdk.FlightControllerKey.ACCESS_LOCKER_STATE, dji.keysdk.FlightControllerKey.ACCESS_LOCKER_VERSION, dji.keysdk.FlightControllerKey.FORMATTING_STATE}" />
    </annotation>
  </item>
  <item name="dji.keysdk.FlightControllerKey dji.keysdk.FlightControllerKey createAccessLockerKey(java.lang.String, int) 0">
    <annotation name="android.support.annotation.StringDef">
      <val name="value" val="{dji.keysdk.FlightControllerKey.RESET_USER_ACCOUNT, dji.keysdk.FlightControllerKey.MODIFY_USER_ACCOUNT, dji.keysdk.FlightControllerKey.ACCESS_LOCKER_USERNAME, dji.keysdk.FlightControllerKey.SET_UP_USER, dji.keysdk.FlightControllerKey.FORMAT, dji.keysdk.FlightControllerKey.LOGIN, dji.keysdk.FlightControllerKey.ACCESS_LOCKER_STATE, dji.keysdk.FlightControllerKey.ACCESS_LOCKER_VERSION, dji.keysdk.FlightControllerKey.FORMATTING_STATE}" />
    </annotation>
  </item>
  <item name="dji.keysdk.FlightControllerKey dji.keysdk.FlightControllerKey createFlightAssistantKey(java.lang.String) 0">
    <annotation name="android.support.annotation.StringDef">
      <val name="value" val="{dji.keysdk.FlightControllerKey.FIXED_WING_CONTROL, dji.keysdk.FlightControllerKey.COLLISION_AVOIDANCE_ENABLED, dji.keysdk.FlightControllerKey.VISION_ASSISTED_POSITIONING_ENABLED, dji.keysdk.FlightControllerKey.IS_ADVANCED_PILOT_ASSISTANT_SYSTEM_ENABLED, dji.keysdk.FlightControllerKey.IS_BRAKING, dji.keysdk.FlightControllerKey.IS_FRONT_RADAR_OPEN, dji.keysdk.FlightControllerKey.IS_BACK_RADAR_OPEN, dji.keysdk.FlightControllerKey.IS_LEFT_RADAR_OPEN, dji.keysdk.FlightControllerKey.IS_RIGHT_RADAR_OPEN, dji.keysdk.FlightControllerKey.VISION_SYSTEM_WARNING, dji.keysdk.FlightControllerKey.DETECTION_SECTORS, dji.keysdk.FlightControllerKey.VISION_DETECTION_STATE, dji.keysdk.FlightControllerKey.ACTIVE_TRACK_MODE, dji.keysdk.FlightControllerKey.ACTIVE_TRACK_CIRCULAR_SPEED, dji.keysdk.FlightControllerKey.ACTIVE_TRACK_GPS_ASSISTANT_ENABLED, dji.keysdk.FlightControllerKey.ACTIVE_TRACK_GESTURE_MODE_ENABLED, dji.keysdk.FlightControllerKey.DRAW_STATUS, dji.keysdk.FlightControllerKey.DRAW_HEADING_MODE, dji.keysdk.FlightControllerKey.UPWARDS_AVOIDANCE_ENABLED, dji.keysdk.FlightControllerKey.LANDING_PROTECTION_ENABLED, dji.keysdk.FlightControllerKey.PRECISION_LANDING_ENABLED, dji.keysdk.FlightControllerKey.LANDING_PROTECTION_STATE, dji.keysdk.FlightControllerKey.SET_ACTIVE_TRACK_CAMERA, dji.keysdk.FlightControllerKey.ACTIVE_OBSTACLE_AVOIDANCE_ENABLED, dji.keysdk.FlightControllerKey.RTH_OBSTACLE_AVOIDANCE_ENABLED, dji.keysdk.FlightControllerKey.INTELLIGENT_FLIGHT_ASSISTANT_IS_USERAVOID_ENABLE, dji.keysdk.FlightControllerKey.IS_AVOIDING_ACTIVE_OBSTACLE_COLLISION, dji.keysdk.FlightControllerKey.IS_ASCENT_LIMITED_BY_OBSTACLE, dji.keysdk.FlightControllerKey.IS_PERFORMING_PRECISION_LANDING, dji.keysdk.FlightControllerKey.ADVANCED_GESTURE_CONTROL_ENABLED, dji.keysdk.FlightControllerKey.SINGLE_VISION_SENSOR_ENABLED, dji.keysdk.FlightControllerKey.APAS_STATE, dji.keysdk.FlightControllerKey.IS_APAS_ENABLED, dji.keysdk.FlightControllerKey.IS_APAS_FUNCTIONING, dji.keysdk.FlightControllerKey.IN_ON_LIMITE_AREA_BOUNDARIES, dji.keysdk.FlightControllerKey.DOES_APAS_HAVE_TEMP_ERROR, dji.keysdk.FlightControllerKey.IS_FRONT_RADAR_OPEN, dji.keysdk.FlightControllerKey.IS_BACK_RADAR_OPEN, dji.keysdk.FlightControllerKey.IS_LEFT_RADAR_OPEN, dji.keysdk.FlightControllerKey.IS_RIGHT_RADAR_OPEN, dji.keysdk.FlightControllerKey.RTH_REMOTE_OBSTACLE_AVOIDANCE_ENABLED, dji.keysdk.FlightControllerKey.BOTTOM_AUXILIARY_LIGHT_MODE}" />
    </annotation>
  </item>
  <item name="dji.keysdk.FlightControllerKey dji.keysdk.FlightControllerKey createFlightAssistantKey(java.lang.String, int) 0">
    <annotation name="android.support.annotation.StringDef">
      <val name="value" val="{dji.keysdk.FlightControllerKey.FIXED_WING_CONTROL, dji.keysdk.FlightControllerKey.COLLISION_AVOIDANCE_ENABLED, dji.keysdk.FlightControllerKey.VISION_ASSISTED_POSITIONING_ENABLED, dji.keysdk.FlightControllerKey.IS_ADVANCED_PILOT_ASSISTANT_SYSTEM_ENABLED, dji.keysdk.FlightControllerKey.IS_BRAKING, dji.keysdk.FlightControllerKey.IS_FRONT_RADAR_OPEN, dji.keysdk.FlightControllerKey.IS_BACK_RADAR_OPEN, dji.keysdk.FlightControllerKey.IS_LEFT_RADAR_OPEN, dji.keysdk.FlightControllerKey.IS_RIGHT_RADAR_OPEN, dji.keysdk.FlightControllerKey.VISION_SYSTEM_WARNING, dji.keysdk.FlightControllerKey.DETECTION_SECTORS, dji.keysdk.FlightControllerKey.VISION_DETECTION_STATE, dji.keysdk.FlightControllerKey.ACTIVE_TRACK_MODE, dji.keysdk.FlightControllerKey.ACTIVE_TRACK_CIRCULAR_SPEED, dji.keysdk.FlightControllerKey.ACTIVE_TRACK_GPS_ASSISTANT_ENABLED, dji.keysdk.FlightControllerKey.ACTIVE_TRACK_GESTURE_MODE_ENABLED, dji.keysdk.FlightControllerKey.DRAW_STATUS, dji.keysdk.FlightControllerKey.DRAW_HEADING_MODE, dji.keysdk.FlightControllerKey.UPWARDS_AVOIDANCE_ENABLED, dji.keysdk.FlightControllerKey.LANDING_PROTECTION_ENABLED, dji.keysdk.FlightControllerKey.PRECISION_LANDING_ENABLED, dji.keysdk.FlightControllerKey.LANDING_PROTECTION_STATE, dji.keysdk.FlightControllerKey.SET_ACTIVE_TRACK_CAMERA, dji.keysdk.FlightControllerKey.ACTIVE_OBSTACLE_AVOIDANCE_ENABLED, dji.keysdk.FlightControllerKey.RTH_OBSTACLE_AVOIDANCE_ENABLED, dji.keysdk.FlightControllerKey.INTELLIGENT_FLIGHT_ASSISTANT_IS_USERAVOID_ENABLE, dji.keysdk.FlightControllerKey.IS_AVOIDING_ACTIVE_OBSTACLE_COLLISION, dji.keysdk.FlightControllerKey.IS_ASCENT_LIMITED_BY_OBSTACLE, dji.keysdk.FlightControllerKey.IS_PERFORMING_PRECISION_LANDING, dji.keysdk.FlightControllerKey.ADVANCED_GESTURE_CONTROL_ENABLED, dji.keysdk.FlightControllerKey.SINGLE_VISION_SENSOR_ENABLED, dji.keysdk.FlightControllerKey.APAS_STATE, dji.keysdk.FlightControllerKey.IS_APAS_ENABLED, dji.keysdk.FlightControllerKey.IS_APAS_FUNCTIONING, dji.keysdk.FlightControllerKey.IN_ON_LIMITE_AREA_BOUNDARIES, dji.keysdk.FlightControllerKey.DOES_APAS_HAVE_TEMP_ERROR, dji.keysdk.FlightControllerKey.IS_FRONT_RADAR_OPEN, dji.keysdk.FlightControllerKey.IS_BACK_RADAR_OPEN, dji.keysdk.FlightControllerKey.IS_LEFT_RADAR_OPEN, dji.keysdk.FlightControllerKey.IS_RIGHT_RADAR_OPEN, dji.keysdk.FlightControllerKey.RTH_REMOTE_OBSTACLE_AVOIDANCE_ENABLED, dji.keysdk.FlightControllerKey.BOTTOM_AUXILIARY_LIGHT_MODE}" />
    </annotation>
  </item>
  <item name="dji.keysdk.GimbalKey dji.keysdk.GimbalKey create(java.lang.String) 0">
    <annotation name="android.support.annotation.StringDef">
      <val name="value" val="{dji.keysdk.GimbalKey.SERIAL_NUMBER, dji.keysdk.GimbalKey.CAPABILITIES, dji.keysdk.GimbalKey.ATTITUDE_IN_DEGREES, dji.keysdk.GimbalKey.YAW_ANGLE_WITH_AIRCRAFT_IN_DEGREE, dji.keysdk.GimbalKey.ROLL_FINE_TUNE_IN_DEGREES, dji.keysdk.GimbalKey.FINE_TUNE_ROLL_IN_DEGREES, dji.keysdk.GimbalKey.PITCH_FINE_TUNE_IN_DEGREES, dji.keysdk.GimbalKey.FINE_TUNE_PITCH_IN_DEGREES, dji.keysdk.GimbalKey.YAW_FINE_TUNE_IN_DEGREES, dji.keysdk.GimbalKey.FINE_TUNE_YAW_IN_DEGREES, dji.keysdk.GimbalKey.MODE, dji.keysdk.GimbalKey.IS_ATTITUDE_RESET, dji.keysdk.GimbalKey.IS_CALIBRATING, dji.keysdk.GimbalKey.IS_CALIBRATION_SUCCESSFUL, dji.keysdk.GimbalKey.IS_PITCH_AT_STOP, dji.keysdk.GimbalKey.IS_ROLL_AT_STOP, dji.keysdk.GimbalKey.IS_YAW_AT_STOP, dji.keysdk.GimbalKey.IS_GIMBAL_ON_TOP, dji.keysdk.GimbalKey.IS_TESTING_BALANCE, dji.keysdk.GimbalKey.PITCH_TEST_RESULT, dji.keysdk.GimbalKey.ROLL_TEST_RESULT, dji.keysdk.GimbalKey.CALIBRATION_PROGRESS, dji.keysdk.GimbalKey.MOVEMENT_SETTINGS_PROFILE, dji.keysdk.GimbalKey.YAW_SMOOTH_TRACK_ENABLED, dji.keysdk.GimbalKey.PITCH_SMOOTH_TRACK_ENABLED, dji.keysdk.GimbalKey.YAW_SMOOTH_TRACK_SPEED, dji.keysdk.GimbalKey.PITCH_SMOOTH_TRACK_SPEED, dji.keysdk.GimbalKey.YAW_SMOOTH_TRACK_DEADBAND, dji.keysdk.GimbalKey.PITCH_SMOOTH_TRACK_DEADBAND, dji.keysdk.GimbalKey.YAW_SMOOTH_TRACK_ACCELERATION, dji.keysdk.GimbalKey.PITCH_SMOOTH_TRACK_ACCELERATION, dji.keysdk.GimbalKey.YAW_MOTOR_CONTROL_STIFFNESS, dji.keysdk.GimbalKey.PITCH_MOTOR_CONTROL_STIFFNESS, dji.keysdk.GimbalKey.ROLL_MOTOR_CONTROL_STIFFNESS, dji.keysdk.GimbalKey.YAW_MOTOR_CONTROL_STRENGTH, dji.keysdk.GimbalKey.PITCH_MOTOR_CONTROL_STRENGTH, dji.keysdk.GimbalKey.ROLL_MOTOR_CONTROL_STRENGTH, dji.keysdk.GimbalKey.YAW_MOTOR_CONTROL_GYRO_FILTERING_FACTOR, dji.keysdk.GimbalKey.PITCH_MOTOR_CONTROL_GYRO_FILTERING_FACTOR, dji.keysdk.GimbalKey.ROLL_MOTOR_CONTROL_GYRO_FILTERING_FACTOR, dji.keysdk.GimbalKey.YAW_MOTOR_CONTROL_PRE_CONTROL, dji.keysdk.GimbalKey.PITCH_MOTOR_CONTROL_PRE_CONTROL, dji.keysdk.GimbalKey.ROLL_MOTOR_CONTROL_PRE_CONTROL, dji.keysdk.GimbalKey.MOTOR_ENABLED, dji.keysdk.GimbalKey.YAW_CONTROLLER_DEADBAND, dji.keysdk.GimbalKey.PITCH_CONTROLLER_DEADBAND, dji.keysdk.GimbalKey.YAW_CONTROLLER_SPEED_COEFFICIENT, dji.keysdk.GimbalKey.PITCH_CONTROLLER_SPEED_COEFFICIENT, dji.keysdk.GimbalKey.YAW_CONTROLLER_SMOOTHING_FACTOR, dji.keysdk.GimbalKey.PITCH_CONTROLLER_SMOOTHING_FACTOR, dji.keysdk.GimbalKey.PITCH_UP_ENDPOINT, dji.keysdk.GimbalKey.PITCH_DOWN_ENDPOINT, dji.keysdk.GimbalKey.YAW_RIGHT_ENDPOINT, dji.keysdk.GimbalKey.YAW_LEFT_ENDPOINT, dji.keysdk.GimbalKey.PITCH_RANGE_EXTENSION_ENABLED, dji.keysdk.GimbalKey.CONTROLLER_MODE, dji.keysdk.GimbalKey.APPLY_MOTOR_CONTROL_PRESET, dji.keysdk.GimbalKey.TOGGLE_SELFIE, dji.keysdk.GimbalKey.START_BALANCE_TEST, dji.keysdk.GimbalKey.RESTORE_FACTORY_SETTINGS, dji.keysdk.GimbalKey.START_CALIBRATION, dji.keysdk.GimbalKey.RESET_GIMBAL, dji.keysdk.GimbalKey.ROTATE, dji.keysdk.GimbalKey.YAW_INVERTED_CONTROL_ENABLED, dji.keysdk.GimbalKey.PITCH_INVERTED_CONTROL_ENABLED, dji.keysdk.GimbalKey.IS_MOBILE_DEVICE_MOUNTED, dji.keysdk.GimbalKey.BALANCE_STATE, dji.keysdk.GimbalKey.IS_MOTOR_OVER_LOADED, dji.keysdk.GimbalKey.GIMBAL_ATTITUDE_SYNCHRONIZATION_ENABLED, dji.keysdk.GimbalKey.YAW_SIMULTANEOUS_FOLLOW_ENABLED, dji.keysdk.GimbalKey.IS_STUCK}" />
    </annotation>
  </item>
  <item name="dji.keysdk.GimbalKey dji.keysdk.GimbalKey create(java.lang.String, int) 0">
    <annotation name="android.support.annotation.StringDef">
      <val name="value" val="{dji.keysdk.GimbalKey.SERIAL_NUMBER, dji.keysdk.GimbalKey.CAPABILITIES, dji.keysdk.GimbalKey.ATTITUDE_IN_DEGREES, dji.keysdk.GimbalKey.YAW_ANGLE_WITH_AIRCRAFT_IN_DEGREE, dji.keysdk.GimbalKey.ROLL_FINE_TUNE_IN_DEGREES, dji.keysdk.GimbalKey.FINE_TUNE_ROLL_IN_DEGREES, dji.keysdk.GimbalKey.PITCH_FINE_TUNE_IN_DEGREES, dji.keysdk.GimbalKey.FINE_TUNE_PITCH_IN_DEGREES, dji.keysdk.GimbalKey.YAW_FINE_TUNE_IN_DEGREES, dji.keysdk.GimbalKey.FINE_TUNE_YAW_IN_DEGREES, dji.keysdk.GimbalKey.MODE, dji.keysdk.GimbalKey.IS_ATTITUDE_RESET, dji.keysdk.GimbalKey.IS_CALIBRATING, dji.keysdk.GimbalKey.IS_CALIBRATION_SUCCESSFUL, dji.keysdk.GimbalKey.IS_PITCH_AT_STOP, dji.keysdk.GimbalKey.IS_ROLL_AT_STOP, dji.keysdk.GimbalKey.IS_YAW_AT_STOP, dji.keysdk.GimbalKey.IS_GIMBAL_ON_TOP, dji.keysdk.GimbalKey.IS_TESTING_BALANCE, dji.keysdk.GimbalKey.PITCH_TEST_RESULT, dji.keysdk.GimbalKey.ROLL_TEST_RESULT, dji.keysdk.GimbalKey.CALIBRATION_PROGRESS, dji.keysdk.GimbalKey.MOVEMENT_SETTINGS_PROFILE, dji.keysdk.GimbalKey.YAW_SMOOTH_TRACK_ENABLED, dji.keysdk.GimbalKey.PITCH_SMOOTH_TRACK_ENABLED, dji.keysdk.GimbalKey.YAW_SMOOTH_TRACK_SPEED, dji.keysdk.GimbalKey.PITCH_SMOOTH_TRACK_SPEED, dji.keysdk.GimbalKey.YAW_SMOOTH_TRACK_DEADBAND, dji.keysdk.GimbalKey.PITCH_SMOOTH_TRACK_DEADBAND, dji.keysdk.GimbalKey.YAW_SMOOTH_TRACK_ACCELERATION, dji.keysdk.GimbalKey.PITCH_SMOOTH_TRACK_ACCELERATION, dji.keysdk.GimbalKey.YAW_MOTOR_CONTROL_STIFFNESS, dji.keysdk.GimbalKey.PITCH_MOTOR_CONTROL_STIFFNESS, dji.keysdk.GimbalKey.ROLL_MOTOR_CONTROL_STIFFNESS, dji.keysdk.GimbalKey.YAW_MOTOR_CONTROL_STRENGTH, dji.keysdk.GimbalKey.PITCH_MOTOR_CONTROL_STRENGTH, dji.keysdk.GimbalKey.ROLL_MOTOR_CONTROL_STRENGTH, dji.keysdk.GimbalKey.YAW_MOTOR_CONTROL_GYRO_FILTERING_FACTOR, dji.keysdk.GimbalKey.PITCH_MOTOR_CONTROL_GYRO_FILTERING_FACTOR, dji.keysdk.GimbalKey.ROLL_MOTOR_CONTROL_GYRO_FILTERING_FACTOR, dji.keysdk.GimbalKey.YAW_MOTOR_CONTROL_PRE_CONTROL, dji.keysdk.GimbalKey.PITCH_MOTOR_CONTROL_PRE_CONTROL, dji.keysdk.GimbalKey.ROLL_MOTOR_CONTROL_PRE_CONTROL, dji.keysdk.GimbalKey.MOTOR_ENABLED, dji.keysdk.GimbalKey.YAW_CONTROLLER_DEADBAND, dji.keysdk.GimbalKey.PITCH_CONTROLLER_DEADBAND, dji.keysdk.GimbalKey.YAW_CONTROLLER_SPEED_COEFFICIENT, dji.keysdk.GimbalKey.PITCH_CONTROLLER_SPEED_COEFFICIENT, dji.keysdk.GimbalKey.YAW_CONTROLLER_SMOOTHING_FACTOR, dji.keysdk.GimbalKey.PITCH_CONTROLLER_SMOOTHING_FACTOR, dji.keysdk.GimbalKey.PITCH_UP_ENDPOINT, dji.keysdk.GimbalKey.PITCH_DOWN_ENDPOINT, dji.keysdk.GimbalKey.YAW_RIGHT_ENDPOINT, dji.keysdk.GimbalKey.YAW_LEFT_ENDPOINT, dji.keysdk.GimbalKey.PITCH_RANGE_EXTENSION_ENABLED, dji.keysdk.GimbalKey.CONTROLLER_MODE, dji.keysdk.GimbalKey.APPLY_MOTOR_CONTROL_PRESET, dji.keysdk.GimbalKey.TOGGLE_SELFIE, dji.keysdk.GimbalKey.START_BALANCE_TEST, dji.keysdk.GimbalKey.RESTORE_FACTORY_SETTINGS, dji.keysdk.GimbalKey.START_CALIBRATION, dji.keysdk.GimbalKey.RESET_GIMBAL, dji.keysdk.GimbalKey.ROTATE, dji.keysdk.GimbalKey.YAW_INVERTED_CONTROL_ENABLED, dji.keysdk.GimbalKey.PITCH_INVERTED_CONTROL_ENABLED, dji.keysdk.GimbalKey.IS_MOBILE_DEVICE_MOUNTED, dji.keysdk.GimbalKey.BALANCE_STATE, dji.keysdk.GimbalKey.IS_MOTOR_OVER_LOADED, dji.keysdk.GimbalKey.GIMBAL_ATTITUDE_SYNCHRONIZATION_ENABLED, dji.keysdk.GimbalKey.YAW_SIMULTANEOUS_FOLLOW_ENABLED, dji.keysdk.GimbalKey.IS_STUCK}" />
    </annotation>
  </item>
  <item name="dji.keysdk.HandheldControllerKey dji.keysdk.HandheldControllerKey create(java.lang.String) 0">
    <annotation name="android.support.annotation.StringDef">
      <val name="value" val="{dji.keysdk.HandheldControllerKey.COMPONENT_KEY, dji.keysdk.HandheldControllerKey.IS_TRIGGER_BEING_PRESSED, dji.keysdk.HandheldControllerKey.SERIAL_NUMBER, dji.keysdk.HandheldControllerKey.FULL_SERIAL_NUMBER_HASH, dji.keysdk.HandheldControllerKey.POWER_MODE, dji.keysdk.HandheldControllerKey.RECORD_AND_SHUTTER_BUTTONS, dji.keysdk.HandheldControllerKey.TRIGGER_BUTTON, dji.keysdk.HandheldControllerKey.STICK_VERTICAL_DIRECTION, dji.keysdk.HandheldControllerKey.STICK_HORIZONTAL_DIRECTION, dji.keysdk.HandheldControllerKey.HANDHELD_NAME, dji.keysdk.HandheldControllerKey.STICK_GIMBAL_CONTROL_ENABLED, dji.keysdk.HandheldControllerKey.STICK, dji.keysdk.HandheldControllerKey.LED_COMMAND, dji.keysdk.HandheldControllerKey.IS_MODE_BUTTON_BEING_PRESSED, dji.keysdk.HandheldControllerKey.MODE_BUTTON}" />
    </annotation>
  </item>
  <item name="dji.keysdk.HandheldControllerKey dji.keysdk.HandheldControllerKey create(java.lang.String, int) 0">
    <annotation name="android.support.annotation.StringDef">
      <val name="value" val="{dji.keysdk.HandheldControllerKey.COMPONENT_KEY, dji.keysdk.HandheldControllerKey.IS_TRIGGER_BEING_PRESSED, dji.keysdk.HandheldControllerKey.SERIAL_NUMBER, dji.keysdk.HandheldControllerKey.FULL_SERIAL_NUMBER_HASH, dji.keysdk.HandheldControllerKey.POWER_MODE, dji.keysdk.HandheldControllerKey.RECORD_AND_SHUTTER_BUTTONS, dji.keysdk.HandheldControllerKey.TRIGGER_BUTTON, dji.keysdk.HandheldControllerKey.STICK_VERTICAL_DIRECTION, dji.keysdk.HandheldControllerKey.STICK_HORIZONTAL_DIRECTION, dji.keysdk.HandheldControllerKey.HANDHELD_NAME, dji.keysdk.HandheldControllerKey.STICK_GIMBAL_CONTROL_ENABLED, dji.keysdk.HandheldControllerKey.STICK, dji.keysdk.HandheldControllerKey.LED_COMMAND, dji.keysdk.HandheldControllerKey.IS_MODE_BUTTON_BEING_PRESSED, dji.keysdk.HandheldControllerKey.MODE_BUTTON}" />
    </annotation>
  </item>
  <item name="dji.keysdk.PayloadKey dji.keysdk.PayloadKey create(java.lang.String) 0">
    <annotation name="android.support.annotation.StringDef">
      <val name="value" val="{dji.keysdk.PayloadKey.CONNECTION, dji.keysdk.PayloadKey.PAYLOAD_PRODUCT_NAME, dji.keysdk.PayloadKey.GET_WIDGET, dji.keysdk.PayloadKey.GET_DATA_FROM_PAYLOAD, dji.keysdk.PayloadKey.GET_WIDGETS, dji.keysdk.PayloadKey.CONFIGURE_WIDGET_VALUE, dji.keysdk.PayloadKey.SEND_DATA_TO_PAYLOAD, dji.keysdk.PayloadKey.HINT_MESSAGE, dji.keysdk.PayloadKey.GET_UPSTREAM_BANDWIDTH}" />
    </annotation>
  </item>
  <item name="dji.keysdk.PayloadKey dji.keysdk.PayloadKey create(java.lang.String, int) 0">
    <annotation name="android.support.annotation.StringDef">
      <val name="value" val="{dji.keysdk.PayloadKey.CONNECTION, dji.keysdk.PayloadKey.PAYLOAD_PRODUCT_NAME, dji.keysdk.PayloadKey.GET_WIDGET, dji.keysdk.PayloadKey.GET_DATA_FROM_PAYLOAD, dji.keysdk.PayloadKey.GET_WIDGETS, dji.keysdk.PayloadKey.CONFIGURE_WIDGET_VALUE, dji.keysdk.PayloadKey.SEND_DATA_TO_PAYLOAD, dji.keysdk.PayloadKey.HINT_MESSAGE, dji.keysdk.PayloadKey.GET_UPSTREAM_BANDWIDTH}" />
    </annotation>
  </item>
  <item name="dji.keysdk.ProductKey dji.keysdk.ProductKey create(java.lang.String) 0">
    <annotation name="android.support.annotation.StringDef">
      <val name="value" val="{dji.keysdk.ProductKey.COMPONENT_KEY, dji.keysdk.ProductKey.FIRMWARE_PACKAGE_VERSION, dji.keysdk.ProductKey.MODEL_NAME, dji.keysdk.ProductKey.IS_OSMO, dji.keysdk.ProductKey.CONNECTION, dji.keysdk.ProductKey.HAS_REMOTE_CONTROLLER}" />
    </annotation>
  </item>
  <item name="dji.keysdk.ProductKey dji.keysdk.ProductKey create(java.lang.String, int) 0">
    <annotation name="android.support.annotation.StringDef">
      <val name="value" val="{dji.keysdk.ProductKey.COMPONENT_KEY, dji.keysdk.ProductKey.FIRMWARE_PACKAGE_VERSION, dji.keysdk.ProductKey.MODEL_NAME, dji.keysdk.ProductKey.IS_OSMO, dji.keysdk.ProductKey.CONNECTION, dji.keysdk.ProductKey.HAS_REMOTE_CONTROLLER}" />
    </annotation>
  </item>
  <item name="dji.keysdk.RemoteControllerKey dji.keysdk.RemoteControllerKey create(java.lang.String) 0">
    <annotation name="android.support.annotation.StringDef">
      <val name="value" val="{dji.keysdk.DJIKey.CONNECTION, dji.keysdk.RemoteControllerKey.DISPLAY_NAME, dji.keysdk.RemoteControllerKey.SERIAL_NUMBER, dji.keysdk.RemoteControllerKey.COUNTRY_CODE, dji.keysdk.RemoteControllerKey.LEFT_STICK_VALUE, dji.keysdk.RemoteControllerKey.RIGHT_STICK_VALUE, dji.keysdk.RemoteControllerKey.LEFT_WHEEL, dji.keysdk.RemoteControllerKey.RIGHT_WHEEL, dji.keysdk.RemoteControllerKey.TRANSFORMATION_SWITCH, dji.keysdk.RemoteControllerKey.FLIGHT_MODE_SWITCH_POSITION, dji.keysdk.RemoteControllerKey.GO_HOME_BUTTON, dji.keysdk.RemoteControllerKey.RECORD_BUTTON, dji.keysdk.RemoteControllerKey.SHUTTER_BUTTON, dji.keysdk.RemoteControllerKey.CUSTOM_BUTTON_1, dji.keysdk.RemoteControllerKey.CUSTOM_BUTTON_2, dji.keysdk.RemoteControllerKey.PAUSE_BUTTON, dji.keysdk.RemoteControllerKey.PLAYBACK_BUTTON, dji.keysdk.RemoteControllerKey.FUNCTION_BUTTON, dji.keysdk.RemoteControllerKey.FIVE_D_BUTTON, dji.keysdk.RemoteControllerKey.GPS_DATA, dji.keysdk.RemoteControllerKey.CHARGE_REMAINING, dji.keysdk.RemoteControllerKey.IS_CHARGE_REMAINING_LOW, dji.keysdk.RemoteControllerKey.FOCUS_CONTROLLER_IS_WORKING, dji.keysdk.RemoteControllerKey.FOCUS_CONTROLLER_CONTROL_TYPE, dji.keysdk.RemoteControllerKey.FOCUS_CONTROLLER_DIRECTION, dji.keysdk.RemoteControllerKey.REQUEST_LEGACY_GIMBAL_CONTROL, dji.keysdk.RemoteControllerKey.RESPONSE_TO_REQUEST_FOR_GIMBAL_CONTROL, dji.keysdk.RemoteControllerKey.AIRCRAFT_MAPPING_STYLE, dji.keysdk.RemoteControllerKey.AIRCRAFT_CUSTOM_MAPPING, dji.keysdk.RemoteControllerKey.GIMBAL_MAPPING_STYLE, dji.keysdk.RemoteControllerKey.CUSTOM_GIMBAL_MAPPING, dji.keysdk.RemoteControllerKey.LEFT_WHEEL_GIMBAL_CONTROL_AXIS, dji.keysdk.RemoteControllerKey.CUSTOM_BUTTON_TAGS, dji.keysdk.RemoteControllerKey.PAIRING_STATE, dji.keysdk.RemoteControllerKey.GIMBAL_CONTROL_SPEED_COEFFICIENT, dji.keysdk.RemoteControllerKey.NAME, dji.keysdk.RemoteControllerKey.PASSWORD, dji.keysdk.RemoteControllerKey.AVAILABLE_MASTERS, dji.keysdk.RemoteControllerKey.MASTER_SEARCHING_STATE, dji.keysdk.RemoteControllerKey.SLAVE_LIST, dji.keysdk.RemoteControllerKey.START_PAIRING, dji.keysdk.RemoteControllerKey.STOP_PAIRING, dji.keysdk.RemoteControllerKey.MODE, dji.keysdk.RemoteControllerKey.CONNECT_TO_MASTER, dji.keysdk.RemoteControllerKey.CONNECTED_MASTER_CREDENTIALS, dji.keysdk.RemoteControllerKey.START_SEARCH_MASTER, dji.keysdk.RemoteControllerKey.STOP_MASTER_SEARCHING, dji.keysdk.RemoteControllerKey.IS_MASTER_SLAVE_MODE_SUPPORTED, dji.keysdk.RemoteControllerKey.IS_FOCUS_CONTROLLER_SUPPORTED, dji.keysdk.RemoteControllerKey.CONNECT_TO_MASTER_WITH_ID, dji.keysdk.RemoteControllerKey.IS_MASTER_SLAVE_MODE_V2_SUPPORTED, dji.keysdk.RemoteControllerKey.SET_MASTER_AUTH_CODE, dji.keysdk.RemoteControllerKey.MASTER_LIST, dji.keysdk.RemoteControllerKey.GET_MASTER_AUTH_CODE, dji.keysdk.RemoteControllerKey.MASTER_SLAVE_STATE, dji.keysdk.RemoteControllerKey.CHARGE_MOBILE_MODE, dji.keysdk.RemoteControllerKey.BUTTON_EVENT_OF_PROFESSIONAL_RC, dji.keysdk.RemoteControllerKey.RESET_BUTTON_CONFIG, dji.keysdk.RemoteControllerKey.FETCH_CUSTOMIZED_ACTION_OF_BUTTON, dji.keysdk.RemoteControllerKey.CUSTOMIZE_BUTTON, dji.keysdk.RemoteControllerKey.BUTTON_CONFIG, dji.keysdk.RemoteControllerKey.BUTTON_PROFILE_GROUPS, dji.keysdk.RemoteControllerKey.ADD_BUTTON_PROFILE_GROUP, dji.keysdk.RemoteControllerKey.REMOVE_BUTTON_PROFILE_GROUP, dji.keysdk.RemoteControllerKey.RENAME_BUTTON_PROFILE_GROUP, dji.keysdk.RemoteControllerKey.SELECT_BUTTON_PROFILE_GROUP, dji.keysdk.RemoteControllerKey.SELECT_BUTTON_PROFILE, dji.keysdk.RemoteControllerKey.RC_MASTER_SLAVE_OPEN, dji.keysdk.RemoteControllerKey.RC_HAS_GIMBAL_CONTROL, dji.keysdk.RemoteControllerKey.FIRMWARE_VERSION, dji.keysdk.RemoteControllerKey.RC_UPGRADE_VOICE_DISABLE, dji.keysdk.RemoteControllerKey.REMOTE_CONTROLLER_UNIT, dji.keysdk.RemoteControllerKey.CONTROLLING_GIMBAL_INDEX, dji.keysdk.RemoteControllerKey.REMOTE_CONTROLLER_CALIBRATION_NUMBER_OF_SEGMENT, dji.keysdk.RemoteControllerKey.REMOTE_CONTROLLER_CALIBRATION_A_AXIS_STATUS, dji.keysdk.RemoteControllerKey.REMOTE_CONTROLLER_CALIBRATION_B_AXIS_STATUS, dji.keysdk.RemoteControllerKey.REMOTE_CONTROLLER_CALIBRATION_C_AXIS_STATUS, dji.keysdk.RemoteControllerKey.REMOTE_CONTROLLER_CALIBRATION_D_AXIS_STATUS, dji.keysdk.RemoteControllerKey.REMOTE_CONTROLLER_CALIBRATION_E_AXIS_STATUS, dji.keysdk.RemoteControllerKey.REMOTE_CONTROLLER_CALIBRATION_F_AXIS_STATUS, dji.keysdk.RemoteControllerKey.REMOTE_CONTROLLER_CALIBRATION_G_AXIS_STATUS, dji.keysdk.RemoteControllerKey.REMOTE_CONTROLLER_CALIBRATION_H_AXIS_STATUS}" />
    </annotation>
  </item>
  <item name="dji.keysdk.RemoteControllerKey dji.keysdk.RemoteControllerKey create(java.lang.String, int) 0">
    <annotation name="android.support.annotation.StringDef">
      <val name="value" val="{dji.keysdk.DJIKey.CONNECTION, dji.keysdk.RemoteControllerKey.DISPLAY_NAME, dji.keysdk.RemoteControllerKey.SERIAL_NUMBER, dji.keysdk.RemoteControllerKey.COUNTRY_CODE, dji.keysdk.RemoteControllerKey.LEFT_STICK_VALUE, dji.keysdk.RemoteControllerKey.RIGHT_STICK_VALUE, dji.keysdk.RemoteControllerKey.LEFT_WHEEL, dji.keysdk.RemoteControllerKey.RIGHT_WHEEL, dji.keysdk.RemoteControllerKey.TRANSFORMATION_SWITCH, dji.keysdk.RemoteControllerKey.FLIGHT_MODE_SWITCH_POSITION, dji.keysdk.RemoteControllerKey.GO_HOME_BUTTON, dji.keysdk.RemoteControllerKey.RECORD_BUTTON, dji.keysdk.RemoteControllerKey.SHUTTER_BUTTON, dji.keysdk.RemoteControllerKey.CUSTOM_BUTTON_1, dji.keysdk.RemoteControllerKey.CUSTOM_BUTTON_2, dji.keysdk.RemoteControllerKey.PAUSE_BUTTON, dji.keysdk.RemoteControllerKey.PLAYBACK_BUTTON, dji.keysdk.RemoteControllerKey.FUNCTION_BUTTON, dji.keysdk.RemoteControllerKey.FIVE_D_BUTTON, dji.keysdk.RemoteControllerKey.GPS_DATA, dji.keysdk.RemoteControllerKey.CHARGE_REMAINING, dji.keysdk.RemoteControllerKey.IS_CHARGE_REMAINING_LOW, dji.keysdk.RemoteControllerKey.FOCUS_CONTROLLER_IS_WORKING, dji.keysdk.RemoteControllerKey.FOCUS_CONTROLLER_CONTROL_TYPE, dji.keysdk.RemoteControllerKey.FOCUS_CONTROLLER_DIRECTION, dji.keysdk.RemoteControllerKey.REQUEST_LEGACY_GIMBAL_CONTROL, dji.keysdk.RemoteControllerKey.RESPONSE_TO_REQUEST_FOR_GIMBAL_CONTROL, dji.keysdk.RemoteControllerKey.AIRCRAFT_MAPPING_STYLE, dji.keysdk.RemoteControllerKey.AIRCRAFT_CUSTOM_MAPPING, dji.keysdk.RemoteControllerKey.GIMBAL_MAPPING_STYLE, dji.keysdk.RemoteControllerKey.CUSTOM_GIMBAL_MAPPING, dji.keysdk.RemoteControllerKey.LEFT_WHEEL_GIMBAL_CONTROL_AXIS, dji.keysdk.RemoteControllerKey.CUSTOM_BUTTON_TAGS, dji.keysdk.RemoteControllerKey.PAIRING_STATE, dji.keysdk.RemoteControllerKey.GIMBAL_CONTROL_SPEED_COEFFICIENT, dji.keysdk.RemoteControllerKey.NAME, dji.keysdk.RemoteControllerKey.PASSWORD, dji.keysdk.RemoteControllerKey.AVAILABLE_MASTERS, dji.keysdk.RemoteControllerKey.MASTER_SEARCHING_STATE, dji.keysdk.RemoteControllerKey.SLAVE_LIST, dji.keysdk.RemoteControllerKey.START_PAIRING, dji.keysdk.RemoteControllerKey.STOP_PAIRING, dji.keysdk.RemoteControllerKey.MODE, dji.keysdk.RemoteControllerKey.CONNECT_TO_MASTER, dji.keysdk.RemoteControllerKey.CONNECTED_MASTER_CREDENTIALS, dji.keysdk.RemoteControllerKey.START_SEARCH_MASTER, dji.keysdk.RemoteControllerKey.STOP_MASTER_SEARCHING, dji.keysdk.RemoteControllerKey.IS_MASTER_SLAVE_MODE_SUPPORTED, dji.keysdk.RemoteControllerKey.IS_FOCUS_CONTROLLER_SUPPORTED, dji.keysdk.RemoteControllerKey.CONNECT_TO_MASTER_WITH_ID, dji.keysdk.RemoteControllerKey.IS_MASTER_SLAVE_MODE_V2_SUPPORTED, dji.keysdk.RemoteControllerKey.SET_MASTER_AUTH_CODE, dji.keysdk.RemoteControllerKey.MASTER_LIST, dji.keysdk.RemoteControllerKey.GET_MASTER_AUTH_CODE, dji.keysdk.RemoteControllerKey.MASTER_SLAVE_STATE, dji.keysdk.RemoteControllerKey.CHARGE_MOBILE_MODE, dji.keysdk.RemoteControllerKey.BUTTON_EVENT_OF_PROFESSIONAL_RC, dji.keysdk.RemoteControllerKey.RESET_BUTTON_CONFIG, dji.keysdk.RemoteControllerKey.FETCH_CUSTOMIZED_ACTION_OF_BUTTON, dji.keysdk.RemoteControllerKey.CUSTOMIZE_BUTTON, dji.keysdk.RemoteControllerKey.BUTTON_CONFIG, dji.keysdk.RemoteControllerKey.BUTTON_PROFILE_GROUPS, dji.keysdk.RemoteControllerKey.ADD_BUTTON_PROFILE_GROUP, dji.keysdk.RemoteControllerKey.REMOVE_BUTTON_PROFILE_GROUP, dji.keysdk.RemoteControllerKey.RENAME_BUTTON_PROFILE_GROUP, dji.keysdk.RemoteControllerKey.SELECT_BUTTON_PROFILE_GROUP, dji.keysdk.RemoteControllerKey.SELECT_BUTTON_PROFILE, dji.keysdk.RemoteControllerKey.RC_MASTER_SLAVE_OPEN, dji.keysdk.RemoteControllerKey.RC_HAS_GIMBAL_CONTROL, dji.keysdk.RemoteControllerKey.FIRMWARE_VERSION, dji.keysdk.RemoteControllerKey.RC_UPGRADE_VOICE_DISABLE, dji.keysdk.RemoteControllerKey.REMOTE_CONTROLLER_UNIT, dji.keysdk.RemoteControllerKey.CONTROLLING_GIMBAL_INDEX, dji.keysdk.RemoteControllerKey.REMOTE_CONTROLLER_CALIBRATION_NUMBER_OF_SEGMENT, dji.keysdk.RemoteControllerKey.REMOTE_CONTROLLER_CALIBRATION_A_AXIS_STATUS, dji.keysdk.RemoteControllerKey.REMOTE_CONTROLLER_CALIBRATION_B_AXIS_STATUS, dji.keysdk.RemoteControllerKey.REMOTE_CONTROLLER_CALIBRATION_C_AXIS_STATUS, dji.keysdk.RemoteControllerKey.REMOTE_CONTROLLER_CALIBRATION_D_AXIS_STATUS, dji.keysdk.RemoteControllerKey.REMOTE_CONTROLLER_CALIBRATION_E_AXIS_STATUS, dji.keysdk.RemoteControllerKey.REMOTE_CONTROLLER_CALIBRATION_F_AXIS_STATUS, dji.keysdk.RemoteControllerKey.REMOTE_CONTROLLER_CALIBRATION_G_AXIS_STATUS, dji.keysdk.RemoteControllerKey.REMOTE_CONTROLLER_CALIBRATION_H_AXIS_STATUS}" />
    </annotation>
  </item>
</root>

